-- phpMyAdmin SQL Dump
-- version 4.9.0.1
-- https://www.phpmyadmin.net/
--
-- Host: 127.0.0.1
-- Waktu pembuatan: 31 Okt 2023 pada 11.16
-- Versi server: 10.4.6-MariaDB
-- Versi PHP: 7.3.9

SET SQL_MODE = "NO_AUTO_VALUE_ON_ZERO";
SET AUTOCOMMIT = 0;
START TRANSACTION;
SET time_zone = "+00:00";


/*!40101 SET @OLD_CHARACTER_SET_CLIENT=@@CHARACTER_SET_CLIENT */;
/*!40101 SET @OLD_CHARACTER_SET_RESULTS=@@CHARACTER_SET_RESULTS */;
/*!40101 SET @OLD_COLLATION_CONNECTION=@@COLLATION_CONNECTION */;
/*!40101 SET NAMES utf8mb4 */;

--
-- Database: `kebun-raya`
--

-- --------------------------------------------------------

--
-- Struktur dari tabel `tbl_chatting`
--

CREATE TABLE `tbl_chatting` (
  `id_chatting` int(11) NOT NULL,
  `id_wisatawan` int(11) NOT NULL,
  `id_user` int(11) NOT NULL,
  `pelanggan_send` text DEFAULT NULL,
  `staff_send` text DEFAULT NULL,
  `time` timestamp NOT NULL DEFAULT current_timestamp()
) ENGINE=InnoDB DEFAULT CHARSET=latin1;

--
-- Dumping data untuk tabel `tbl_chatting`
--

INSERT INTO `tbl_chatting` (`id_chatting`, `id_wisatawan`, `id_user`, `pelanggan_send`, `staff_send`, `time`) VALUES
(1, 1, 1, 'halo admin', NULL, '2023-07-04 01:19:02'),
(2, 1, 1, NULL, 'halo syarifah', '2023-07-04 04:23:31'),
(3, 1, 1, NULL, 'Ada yg bisa saya bantu?', '2023-07-04 04:25:52'),
(4, 1, 1, 'Kalau hari minggu buka tidak kak?', NULL, '2023-07-04 04:27:33');

-- --------------------------------------------------------

--
-- Struktur dari tabel `tbl_detail_po_tiket`
--

CREATE TABLE `tbl_detail_po_tiket` (
  `id_detail` int(11) NOT NULL,
  `id_po_tiket` int(11) NOT NULL,
  `id_tiket` int(11) NOT NULL,
  `qty` int(11) NOT NULL
) ENGINE=InnoDB DEFAULT CHARSET=latin1;

--
-- Dumping data untuk tabel `tbl_detail_po_tiket`
--

INSERT INTO `tbl_detail_po_tiket` (`id_detail`, `id_po_tiket`, `id_tiket`, `qty`) VALUES
(1, 1, 2, 3),
(2, 2, 7, 3),
(3, 3, 6, 1),
(4, 4, 8, 3),
(5, 5, 3, 2),
(6, 6, 3, 2),
(7, 7, 4, 2),
(8, 8, 9, 2),
(9, 9, 10, 3),
(10, 10, 9, 3),
(11, 11, 2, 1),
(12, 12, 5, 1),
(13, 13, 3, 1),
(14, 14, 10, 2),
(15, 15, 2, 2),
(16, 16, 2, 2),
(17, 17, 3, 3),
(18, 18, 7, 1),
(19, 19, 10, 3),
(20, 20, 4, 2),
(21, 21, 1, 3),
(22, 22, 4, 1),
(23, 23, 6, 2),
(24, 24, 9, 3),
(25, 25, 6, 3),
(26, 26, 4, 1),
(27, 27, 3, 1),
(28, 28, 4, 1),
(29, 29, 8, 2),
(30, 30, 6, 1),
(31, 31, 2, 2),
(32, 32, 4, 1),
(33, 33, 4, 3),
(34, 34, 3, 3),
(35, 35, 5, 3),
(36, 36, 2, 3),
(37, 37, 6, 3),
(38, 38, 2, 1),
(39, 39, 9, 2),
(40, 40, 2, 3),
(41, 41, 10, 1),
(42, 42, 9, 3),
(43, 43, 9, 3),
(44, 44, 10, 2),
(45, 45, 5, 1),
(46, 46, 4, 2),
(47, 47, 3, 1),
(48, 48, 9, 1),
(49, 49, 6, 3),
(50, 50, 7, 3),
(51, 51, 1, 2),
(52, 52, 6, 2),
(53, 53, 7, 3),
(54, 54, 4, 1),
(55, 55, 7, 2),
(56, 56, 10, 1),
(57, 57, 10, 1),
(58, 58, 3, 1),
(59, 59, 5, 1),
(60, 60, 4, 1),
(61, 61, 8, 2),
(62, 62, 9, 2),
(63, 63, 4, 1),
(64, 64, 1, 3),
(65, 65, 2, 2),
(66, 66, 8, 2),
(67, 67, 2, 1),
(68, 68, 9, 1),
(69, 69, 3, 2),
(70, 70, 5, 2),
(71, 71, 1, 2),
(72, 72, 7, 2),
(73, 73, 7, 3),
(74, 74, 5, 2),
(75, 75, 5, 1),
(76, 76, 3, 1),
(77, 77, 8, 2),
(78, 78, 1, 1),
(79, 79, 6, 1),
(80, 80, 7, 2),
(81, 81, 7, 2),
(82, 82, 3, 2),
(83, 83, 2, 1),
(84, 84, 7, 2),
(85, 85, 2, 3),
(86, 86, 6, 3),
(87, 87, 4, 1),
(88, 88, 9, 2),
(89, 89, 7, 1),
(90, 90, 10, 1),
(91, 91, 5, 1),
(92, 92, 5, 3),
(93, 93, 1, 1),
(94, 94, 2, 2),
(95, 95, 1, 2),
(96, 96, 4, 2),
(97, 97, 10, 1),
(98, 98, 2, 3),
(99, 99, 8, 1),
(100, 100, 4, 3),
(101, 101, 2, 1),
(102, 102, 10, 1),
(103, 103, 6, 2),
(104, 104, 1, 3),
(105, 105, 10, 3),
(106, 106, 9, 3),
(107, 107, 8, 3),
(108, 108, 1, 3),
(109, 109, 5, 2),
(110, 110, 5, 1),
(111, 111, 1, 3),
(112, 112, 6, 1),
(113, 113, 3, 2),
(114, 114, 2, 1),
(115, 115, 8, 2),
(116, 116, 4, 3),
(117, 117, 9, 1),
(118, 118, 7, 2),
(119, 119, 3, 2),
(120, 120, 2, 2),
(121, 121, 1, 3),
(122, 122, 7, 3),
(123, 123, 1, 1),
(124, 124, 2, 2),
(125, 125, 6, 3),
(126, 126, 2, 2),
(127, 127, 4, 1),
(128, 128, 2, 2),
(129, 129, 8, 3),
(130, 130, 7, 3),
(131, 131, 6, 1),
(132, 132, 7, 1),
(133, 133, 10, 3),
(134, 134, 3, 2),
(135, 135, 10, 1),
(136, 136, 8, 3),
(137, 137, 9, 2),
(138, 138, 5, 3),
(139, 139, 1, 2),
(140, 140, 10, 2),
(141, 141, 9, 3),
(142, 142, 3, 1),
(143, 143, 9, 1),
(144, 144, 3, 3),
(145, 145, 7, 3),
(146, 146, 6, 3),
(147, 147, 6, 2),
(148, 148, 4, 1),
(149, 149, 4, 2),
(150, 150, 2, 3),
(151, 151, 1, 3),
(152, 152, 6, 2),
(153, 153, 1, 2),
(154, 154, 4, 2),
(155, 155, 3, 3),
(156, 156, 1, 1),
(157, 157, 1, 1),
(158, 158, 1, 2),
(159, 159, 3, 2),
(160, 160, 2, 1),
(161, 161, 4, 1),
(162, 162, 8, 2),
(163, 163, 5, 1),
(164, 164, 1, 3),
(165, 165, 8, 3),
(166, 166, 9, 2),
(167, 167, 8, 2),
(168, 168, 1, 1),
(169, 169, 6, 3),
(170, 170, 8, 1),
(171, 171, 5, 2),
(172, 172, 3, 2),
(173, 173, 4, 1),
(174, 174, 5, 2),
(175, 175, 6, 1),
(176, 176, 10, 3),
(177, 177, 8, 2),
(178, 178, 9, 1),
(179, 179, 2, 3),
(180, 180, 3, 3),
(181, 181, 6, 2),
(182, 182, 2, 3),
(183, 183, 8, 2),
(184, 184, 5, 3),
(185, 185, 5, 2),
(186, 186, 3, 1),
(187, 187, 5, 1),
(188, 188, 10, 3),
(189, 189, 2, 1),
(190, 190, 8, 1),
(191, 191, 5, 1),
(192, 192, 9, 3),
(193, 193, 5, 3),
(194, 194, 1, 1),
(195, 195, 10, 1),
(196, 196, 7, 3),
(197, 197, 6, 2),
(198, 198, 8, 1),
(199, 199, 9, 1),
(200, 200, 7, 3),
(201, 201, 7, 1),
(202, 202, 6, 3),
(203, 203, 6, 1),
(204, 204, 10, 1),
(205, 205, 5, 3),
(206, 206, 7, 3),
(207, 207, 2, 2),
(208, 208, 7, 2),
(209, 209, 5, 1),
(210, 210, 10, 3),
(211, 211, 5, 3),
(212, 212, 10, 3),
(213, 213, 9, 2),
(214, 214, 1, 3),
(215, 215, 5, 1),
(216, 216, 10, 3),
(217, 217, 1, 1),
(218, 218, 10, 1),
(219, 219, 4, 3),
(220, 220, 1, 3),
(221, 221, 6, 1),
(222, 222, 9, 1),
(223, 223, 6, 1),
(224, 224, 7, 3),
(225, 225, 7, 3),
(226, 226, 6, 1),
(227, 227, 6, 3),
(228, 228, 5, 2),
(229, 229, 9, 2),
(230, 230, 7, 2),
(231, 231, 2, 3),
(232, 232, 8, 3),
(233, 233, 4, 3),
(234, 234, 2, 1),
(235, 235, 10, 2),
(236, 236, 4, 3),
(237, 237, 4, 1),
(238, 238, 7, 1),
(239, 239, 1, 1),
(240, 240, 9, 1),
(241, 241, 10, 2),
(242, 242, 9, 3),
(243, 243, 10, 3),
(244, 244, 7, 2),
(245, 245, 8, 1),
(246, 246, 10, 2),
(247, 247, 7, 1),
(248, 248, 4, 2),
(249, 249, 1, 3),
(250, 250, 7, 3),
(251, 251, 7, 3),
(252, 252, 8, 3),
(253, 253, 4, 3),
(254, 254, 1, 3),
(255, 255, 7, 2),
(256, 256, 5, 1),
(257, 257, 3, 1),
(258, 258, 6, 2),
(259, 259, 3, 2),
(260, 260, 4, 1),
(261, 261, 10, 1),
(262, 262, 6, 2),
(263, 263, 10, 2),
(264, 264, 8, 2),
(265, 265, 6, 3),
(266, 266, 10, 1),
(267, 267, 10, 2),
(268, 268, 7, 2),
(269, 269, 10, 1),
(270, 270, 3, 3),
(271, 271, 10, 3),
(272, 272, 3, 1),
(273, 273, 4, 1),
(274, 274, 7, 2),
(275, 275, 9, 2),
(276, 276, 3, 2),
(277, 277, 7, 1),
(278, 278, 10, 1),
(279, 279, 9, 3),
(280, 280, 7, 3),
(281, 281, 2, 1),
(282, 282, 3, 2),
(283, 283, 10, 2),
(284, 284, 7, 3),
(285, 285, 4, 3),
(286, 286, 4, 2),
(287, 287, 2, 3),
(288, 288, 10, 1),
(289, 289, 8, 3),
(290, 290, 6, 1),
(291, 291, 6, 1),
(292, 292, 5, 3),
(293, 293, 3, 2),
(294, 294, 10, 3),
(295, 295, 1, 1),
(296, 296, 5, 2),
(297, 297, 5, 1),
(298, 298, 4, 3),
(299, 299, 1, 2),
(300, 300, 7, 2),
(301, 301, 8, 3),
(302, 302, 8, 3),
(303, 303, 8, 3),
(304, 304, 5, 2),
(305, 305, 4, 1),
(306, 306, 7, 1),
(307, 307, 3, 2),
(308, 308, 6, 1),
(309, 309, 10, 3),
(310, 310, 6, 1),
(311, 311, 4, 3),
(312, 312, 8, 2),
(313, 313, 3, 2),
(314, 314, 5, 3),
(315, 315, 9, 3),
(316, 316, 6, 3),
(317, 317, 4, 2),
(318, 318, 6, 2),
(319, 319, 4, 1),
(320, 320, 8, 2),
(321, 321, 5, 1),
(322, 322, 7, 2),
(323, 323, 10, 3),
(324, 324, 3, 3),
(325, 325, 6, 1),
(326, 326, 1, 2),
(327, 327, 9, 2),
(328, 328, 6, 3),
(329, 329, 1, 3),
(330, 330, 2, 2),
(331, 331, 7, 2),
(332, 332, 10, 3),
(333, 333, 5, 2),
(334, 334, 2, 1),
(335, 335, 2, 2),
(336, 336, 10, 2),
(337, 337, 9, 1),
(338, 338, 8, 1),
(339, 339, 5, 3),
(340, 340, 10, 3),
(341, 341, 4, 2),
(342, 342, 2, 3),
(343, 343, 1, 3),
(344, 344, 7, 2),
(345, 345, 4, 3),
(346, 346, 5, 1),
(347, 347, 3, 2),
(348, 348, 5, 1),
(349, 349, 4, 1),
(350, 350, 3, 1),
(351, 351, 1, 1),
(352, 352, 2, 3),
(353, 353, 6, 1),
(354, 354, 7, 3),
(355, 355, 8, 1),
(356, 356, 3, 1),
(357, 357, 10, 2),
(358, 358, 10, 3),
(359, 359, 8, 3),
(360, 360, 2, 1),
(361, 361, 4, 3),
(362, 362, 6, 2),
(363, 363, 5, 2),
(364, 364, 1, 2),
(365, 365, 10, 3),
(366, 366, 8, 1),
(367, 367, 6, 2),
(368, 368, 2, 3),
(369, 369, 1, 1),
(370, 370, 10, 3),
(371, 371, 7, 2),
(372, 372, 8, 2),
(373, 373, 3, 3),
(374, 374, 4, 3),
(375, 375, 3, 3),
(376, 376, 3, 1),
(377, 377, 7, 2),
(378, 378, 1, 2),
(379, 379, 8, 3),
(380, 380, 8, 1),
(381, 381, 5, 1),
(382, 382, 9, 1),
(383, 383, 3, 3),
(384, 384, 10, 3),
(385, 385, 9, 2),
(386, 386, 3, 2),
(387, 387, 3, 3),
(388, 388, 5, 2),
(389, 389, 10, 1),
(390, 390, 3, 1),
(391, 391, 10, 2),
(392, 392, 5, 1),
(393, 393, 4, 1),
(394, 394, 1, 3),
(395, 395, 4, 1),
(396, 396, 1, 3),
(397, 397, 1, 2),
(398, 398, 10, 1),
(399, 399, 10, 1),
(400, 400, 8, 3),
(401, 401, 9, 2),
(402, 402, 6, 2),
(403, 403, 9, 2),
(404, 404, 5, 2),
(405, 405, 4, 2),
(406, 406, 4, 2),
(407, 407, 3, 2),
(408, 408, 9, 1),
(409, 409, 1, 2),
(410, 410, 1, 2),
(411, 411, 10, 1),
(412, 412, 5, 3),
(413, 413, 1, 1),
(414, 414, 5, 2),
(415, 415, 9, 1),
(416, 416, 2, 2),
(417, 417, 7, 2),
(418, 418, 1, 3),
(419, 419, 5, 1),
(420, 420, 9, 1),
(421, 421, 10, 1),
(422, 422, 8, 3),
(423, 423, 1, 1),
(424, 424, 5, 2),
(425, 425, 3, 3),
(426, 426, 1, 1),
(427, 427, 7, 2),
(428, 428, 5, 2),
(429, 429, 3, 2),
(430, 430, 4, 2),
(431, 431, 2, 2),
(432, 432, 4, 3),
(433, 433, 4, 1),
(434, 434, 1, 2),
(435, 435, 9, 1),
(436, 436, 6, 1),
(437, 437, 8, 1),
(438, 438, 2, 3),
(439, 439, 1, 2),
(440, 440, 1, 3),
(441, 441, 5, 3),
(442, 442, 10, 1),
(443, 443, 4, 3),
(444, 444, 7, 3),
(445, 445, 9, 3),
(446, 446, 2, 1),
(447, 447, 5, 3),
(448, 448, 9, 3),
(449, 449, 9, 3),
(450, 450, 10, 2),
(451, 451, 7, 1),
(452, 452, 3, 3),
(453, 453, 8, 1),
(454, 454, 5, 3),
(455, 455, 2, 2),
(456, 456, 3, 2),
(457, 457, 1, 1),
(458, 458, 4, 2),
(459, 459, 4, 3),
(460, 460, 8, 3),
(461, 461, 3, 1),
(462, 462, 9, 2),
(463, 463, 9, 1),
(464, 464, 9, 3),
(465, 465, 7, 1),
(466, 466, 5, 1),
(467, 467, 4, 3),
(468, 468, 5, 1),
(469, 469, 8, 1),
(470, 470, 4, 3),
(471, 471, 4, 2),
(472, 472, 10, 1),
(473, 473, 9, 3),
(474, 474, 9, 1),
(475, 475, 3, 1),
(476, 476, 2, 1),
(477, 477, 10, 1),
(478, 478, 9, 2),
(479, 479, 4, 2),
(480, 480, 1, 1),
(481, 481, 5, 1),
(482, 482, 1, 1),
(483, 483, 9, 1),
(484, 484, 7, 2),
(485, 485, 9, 3),
(486, 486, 9, 1),
(487, 487, 4, 1),
(488, 488, 7, 2),
(489, 489, 6, 2),
(490, 490, 4, 3),
(491, 491, 2, 3),
(492, 492, 10, 3),
(493, 493, 7, 2),
(494, 494, 7, 3),
(495, 495, 1, 3),
(496, 496, 6, 3),
(497, 497, 10, 1),
(498, 498, 2, 1),
(499, 499, 3, 2),
(500, 500, 6, 1),
(501, 501, 9, 3),
(502, 502, 2, 2),
(503, 503, 7, 2),
(504, 504, 10, 1),
(505, 505, 3, 1),
(506, 506, 8, 3),
(507, 507, 5, 3),
(508, 508, 2, 3),
(509, 509, 7, 1),
(510, 510, 7, 1),
(511, 511, 7, 3),
(512, 512, 10, 1),
(513, 513, 9, 3),
(514, 514, 4, 3),
(515, 515, 9, 1),
(516, 516, 10, 3),
(517, 517, 6, 3),
(518, 518, 1, 3),
(519, 519, 4, 1),
(520, 520, 8, 1),
(521, 521, 1, 1),
(522, 522, 10, 3),
(523, 523, 9, 3),
(524, 524, 9, 2),
(525, 525, 4, 2),
(526, 526, 2, 3),
(527, 527, 9, 2),
(528, 528, 3, 1),
(529, 529, 1, 2),
(530, 530, 5, 1),
(531, 531, 4, 2),
(532, 532, 8, 1),
(533, 533, 8, 2),
(534, 534, 6, 3),
(535, 535, 3, 2),
(536, 536, 6, 2),
(537, 537, 9, 2),
(538, 538, 4, 3),
(539, 539, 6, 1),
(540, 540, 4, 2),
(541, 541, 1, 3),
(542, 542, 1, 2),
(543, 543, 5, 3),
(544, 544, 2, 3),
(545, 545, 7, 2),
(546, 546, 4, 1),
(547, 547, 8, 2),
(548, 548, 6, 2),
(549, 549, 8, 3),
(550, 550, 9, 1),
(551, 551, 9, 3),
(552, 552, 10, 3),
(553, 553, 4, 2),
(554, 554, 9, 1),
(555, 555, 4, 1),
(556, 556, 3, 3),
(557, 557, 9, 1),
(558, 558, 6, 3),
(559, 559, 6, 3),
(560, 560, 5, 2),
(561, 561, 10, 2),
(562, 562, 5, 1),
(563, 563, 7, 2),
(564, 564, 7, 3),
(565, 565, 8, 2),
(566, 566, 8, 1),
(567, 567, 1, 2),
(568, 568, 4, 3),
(569, 569, 5, 1),
(570, 570, 3, 3),
(571, 571, 4, 2),
(572, 572, 6, 2),
(573, 573, 4, 3),
(574, 574, 1, 1),
(575, 575, 5, 3),
(576, 576, 3, 3),
(577, 577, 1, 2),
(578, 578, 7, 2),
(579, 579, 6, 3),
(580, 580, 2, 1),
(581, 581, 3, 2),
(582, 582, 10, 1),
(583, 583, 2, 2),
(584, 584, 9, 2),
(585, 585, 6, 3),
(586, 586, 1, 2),
(587, 587, 10, 3),
(588, 588, 2, 1),
(589, 589, 8, 2),
(590, 590, 5, 3),
(591, 591, 6, 2),
(592, 592, 4, 3),
(593, 593, 2, 1),
(594, 594, 6, 3),
(595, 595, 9, 3),
(596, 596, 1, 2),
(597, 597, 9, 2),
(598, 598, 1, 3),
(599, 599, 7, 3),
(600, 600, 10, 2),
(601, 601, 4, 2),
(602, 602, 5, 2),
(603, 603, 4, 2),
(604, 604, 3, 2),
(605, 605, 4, 2),
(606, 606, 1, 2),
(607, 607, 4, 2),
(608, 608, 10, 1),
(609, 609, 10, 3),
(610, 610, 1, 1),
(611, 611, 3, 2),
(612, 612, 6, 2),
(613, 613, 5, 2),
(614, 614, 6, 3),
(615, 615, 1, 3),
(616, 616, 10, 1),
(617, 617, 4, 2),
(618, 618, 6, 2),
(619, 619, 1, 2),
(620, 620, 5, 1),
(621, 621, 9, 1),
(622, 622, 5, 2),
(623, 623, 10, 3),
(624, 624, 3, 1),
(625, 625, 7, 3),
(626, 626, 3, 3),
(627, 627, 9, 3),
(628, 628, 3, 2),
(629, 629, 3, 2),
(630, 630, 7, 2),
(631, 631, 6, 3),
(632, 632, 9, 3),
(633, 633, 8, 3),
(634, 634, 10, 3),
(635, 635, 6, 1),
(636, 636, 2, 1),
(637, 637, 10, 1),
(638, 638, 6, 2);

-- --------------------------------------------------------

--
-- Struktur dari tabel `tbl_diskon`
--

CREATE TABLE `tbl_diskon` (
  `id_diskon` int(11) NOT NULL,
  `id_tiket` int(11) NOT NULL,
  `nama_diskon` varchar(15) NOT NULL,
  `diskon` int(11) NOT NULL,
  `stat_member` int(11) NOT NULL
) ENGINE=InnoDB DEFAULT CHARSET=latin1;

--
-- Dumping data untuk tabel `tbl_diskon`
--

INSERT INTO `tbl_diskon` (`id_diskon`, `id_tiket`, `nama_diskon`, `diskon`, `stat_member`) VALUES
(1, 1, '0', 0, 0),
(2, 1, 'Sale', 5, 1),
(3, 2, '0', 0, 0),
(4, 2, '0', 0, 1),
(5, 3, '0', 0, 0),
(6, 3, '0', 0, 1),
(7, 4, '0', 0, 0),
(8, 4, '0', 0, 1),
(9, 5, '0', 0, 0),
(10, 5, '0', 0, 1),
(11, 6, '0', 0, 0),
(12, 6, '0', 0, 1),
(13, 7, '0', 0, 0),
(14, 7, '0', 0, 1),
(15, 8, '0', 0, 0),
(16, 8, '0', 0, 1),
(17, 9, '0', 0, 0),
(18, 9, '0', 0, 1),
(19, 10, '0', 0, 0),
(20, 10, '0', 0, 1);

-- --------------------------------------------------------

--
-- Struktur dari tabel `tbl_kategori`
--

CREATE TABLE `tbl_kategori` (
  `id_kategori` int(11) NOT NULL,
  `nama_kategori` varchar(125) NOT NULL
) ENGINE=InnoDB DEFAULT CHARSET=latin1;

--
-- Dumping data untuk tabel `tbl_kategori`
--

INSERT INTO `tbl_kategori` (`id_kategori`, `nama_kategori`) VALUES
(2, 'Tiket Bundling'),
(3, 'Tiket Upselling');

-- --------------------------------------------------------

--
-- Struktur dari tabel `tbl_po_tiket`
--

CREATE TABLE `tbl_po_tiket` (
  `id_po_tiket` int(11) NOT NULL,
  `id_wisatawan` int(11) NOT NULL,
  `tgl_po_tiket` varchar(20) NOT NULL,
  `total_bayar` varchar(20) NOT NULL,
  `status_order` int(11) NOT NULL,
  `stat_bayar` int(11) NOT NULL,
  `bukti_bayar` text NOT NULL,
  `tgl_boking` varchar(20) NOT NULL,
  `type_po` int(11) NOT NULL
) ENGINE=InnoDB DEFAULT CHARSET=latin1;

--
-- Dumping data untuk tabel `tbl_po_tiket`
--

INSERT INTO `tbl_po_tiket` (`id_po_tiket`, `id_wisatawan`, `tgl_po_tiket`, `total_bayar`, `status_order`, `stat_bayar`, `bukti_bayar`, `tgl_boking`, `type_po`) VALUES
(1, 30, '2022-01-01', '186000', 3, 1, 'sd.jpeg', '2022-01-02', 0),
(2, 8, '2022-01-02', '90000', 3, 1, 'sd.jpeg', '2022-01-03', 0),
(3, 1, '2022-01-03', '250000', 3, 1, 'sd.jpeg', '2022-01-04', 0),
(4, 2, '2022-01-04', '105000', 3, 1, 'sd.jpeg', '2022-01-05', 0),
(5, 1, '2022-01-05', '2000000', 3, 1, 'sd.jpeg', '2022-01-06', 0),
(6, 16, '2022-01-06', '2000000', 3, 1, 'sd.jpeg', '2022-01-07', 0),
(7, 25, '2022-01-07', '30000', 3, 1, 'sd.jpeg', '2022-01-08', 0),
(8, 8, '2022-01-08', '46000', 3, 1, 'sd.jpeg', '2022-01-09', 0),
(9, 19, '2022-01-09', '150000', 3, 1, 'sd.jpeg', '2022-01-10', 0),
(10, 6, '2022-01-10', '69000', 3, 1, 'sd.jpeg', '2022-01-11', 0),
(11, 4, '2022-01-11', '62000', 3, 1, 'sd.jpeg', '2022-01-12', 0),
(12, 26, '2022-01-12', '6000', 3, 1, 'sd.jpeg', '2022-01-13', 0),
(13, 25, '2022-01-13', '1000000', 3, 1, 'sd.jpeg', '2022-01-14', 0),
(14, 11, '2022-01-14', '100000', 3, 1, 'sd.jpeg', '2022-01-15', 0),
(15, 28, '2022-01-15', '124000', 3, 1, 'sd.jpeg', '2022-01-16', 0),
(16, 18, '2022-01-16', '124000', 3, 1, 'sd.jpeg', '2022-01-17', 0),
(17, 3, '2022-01-17', '3000000', 3, 1, 'sd.jpeg', '2022-01-18', 0),
(18, 18, '2022-01-18', '30000', 3, 1, 'sd.jpeg', '2022-01-19', 0),
(19, 27, '2022-01-19', '150000', 3, 1, 'sd.jpeg', '2022-01-20', 0),
(20, 16, '2022-01-20', '30000', 3, 1, 'sd.jpeg', '2022-01-21', 0),
(21, 22, '2022-01-21', '30000', 3, 1, 'sd.jpeg', '2022-01-22', 0),
(22, 10, '2022-01-22', '15000', 3, 1, 'sd.jpeg', '2022-01-23', 0),
(23, 13, '2022-01-23', '500000', 3, 1, 'sd.jpeg', '2022-01-24', 0),
(24, 9, '2022-01-24', '69000', 3, 1, 'sd.jpeg', '2022-01-25', 0),
(25, 1, '2022-01-25', '750000', 3, 1, 'sd.jpeg', '2022-01-26', 0),
(26, 6, '2022-01-26', '15000', 3, 1, 'sd.jpeg', '2022-01-27', 0),
(27, 5, '2022-01-27', '1000000', 3, 1, 'sd.jpeg', '2022-01-28', 0),
(28, 14, '2022-01-28', '15000', 3, 1, 'sd.jpeg', '2022-01-29', 0),
(29, 14, '2022-01-29', '70000', 3, 1, 'sd.jpeg', '2022-01-30', 0),
(30, 22, '2022-01-30', '250000', 3, 1, 'sd.jpeg', '2022-01-31', 0),
(31, 26, '2022-01-31', '124000', 3, 1, 'sd.jpeg', '2022-02-01', 0),
(32, 3, '2022-02-01', '15000', 3, 1, 'sd.jpeg', '2022-02-02', 0),
(33, 22, '2022-02-02', '45000', 3, 1, 'sd.jpeg', '2022-02-03', 0),
(34, 1, '2022-02-03', '3000000', 3, 1, 'sd.jpeg', '2022-02-04', 0),
(35, 9, '2022-02-04', '18000', 3, 1, 'sd.jpeg', '2022-02-05', 0),
(36, 1, '2022-02-05', '186000', 3, 1, 'sd.jpeg', '2022-02-06', 0),
(37, 4, '2022-02-06', '750000', 3, 1, 'sd.jpeg', '2022-02-07', 0),
(38, 23, '2022-02-07', '62000', 3, 1, 'sd.jpeg', '2022-02-08', 0),
(39, 18, '2022-02-08', '46000', 3, 1, 'sd.jpeg', '2022-02-09', 0),
(40, 15, '2022-02-09', '186000', 3, 1, 'sd.jpeg', '2022-02-10', 0),
(41, 5, '2022-02-10', '50000', 3, 1, 'sd.jpeg', '2022-02-11', 0),
(42, 14, '2022-02-11', '69000', 3, 1, 'sd.jpeg', '2022-02-12', 0),
(43, 14, '2022-02-12', '69000', 3, 1, 'sd.jpeg', '2022-02-13', 0),
(44, 5, '2022-02-13', '100000', 3, 1, 'sd.jpeg', '2022-02-14', 0),
(45, 8, '2022-02-14', '6000', 3, 1, 'sd.jpeg', '2022-02-15', 0),
(46, 14, '2022-02-15', '30000', 3, 1, 'sd.jpeg', '2022-02-16', 0),
(47, 13, '2022-02-16', '1000000', 3, 1, 'sd.jpeg', '2022-02-17', 0),
(48, 25, '2022-02-17', '23000', 3, 1, 'sd.jpeg', '2022-02-18', 0),
(49, 1, '2022-02-18', '750000', 3, 1, 'sd.jpeg', '2022-02-19', 0),
(50, 28, '2022-02-19', '90000', 3, 1, 'sd.jpeg', '2022-02-20', 0),
(51, 16, '2022-02-20', '20000', 3, 1, 'sd.jpeg', '2022-02-21', 0),
(52, 28, '2022-02-21', '500000', 3, 1, 'sd.jpeg', '2022-02-22', 0),
(53, 8, '2022-02-22', '90000', 3, 1, 'sd.jpeg', '2022-02-23', 0),
(54, 11, '2022-02-23', '15000', 3, 1, 'sd.jpeg', '2022-02-24', 0),
(55, 30, '2022-02-24', '60000', 3, 1, 'sd.jpeg', '2022-02-25', 0),
(56, 25, '2022-02-25', '50000', 3, 1, 'sd.jpeg', '2022-02-26', 0),
(57, 4, '2022-02-26', '50000', 3, 1, 'sd.jpeg', '2022-02-27', 0),
(58, 30, '2022-02-27', '1000000', 3, 1, 'sd.jpeg', '2022-02-28', 0),
(59, 10, '2022-02-28', '6000', 3, 1, 'sd.jpeg', '2022-03-01', 0),
(60, 28, '2022-03-01', '15000', 3, 1, 'sd.jpeg', '2022-03-02', 0),
(61, 29, '2022-03-02', '70000', 3, 1, 'sd.jpeg', '2022-03-03', 0),
(62, 25, '2022-03-03', '46000', 3, 1, 'sd.jpeg', '2022-03-04', 0),
(63, 14, '2022-03-04', '15000', 3, 1, 'sd.jpeg', '2022-03-05', 0),
(64, 7, '2022-03-05', '30000', 3, 1, 'sd.jpeg', '2022-03-06', 0),
(65, 15, '2022-03-06', '124000', 3, 1, 'sd.jpeg', '2022-03-07', 0),
(66, 27, '2022-03-07', '70000', 3, 1, 'sd.jpeg', '2022-03-08', 0),
(67, 25, '2022-03-08', '62000', 3, 1, 'sd.jpeg', '2022-03-09', 0),
(68, 23, '2022-03-09', '23000', 3, 1, 'sd.jpeg', '2022-03-10', 0),
(69, 16, '2022-03-10', '2000000', 3, 1, 'sd.jpeg', '2022-03-11', 0),
(70, 28, '2022-03-11', '12000', 3, 1, 'sd.jpeg', '2022-03-12', 0),
(71, 21, '2022-03-12', '20000', 3, 1, 'sd.jpeg', '2022-03-13', 0),
(72, 11, '2022-03-13', '60000', 3, 1, 'sd.jpeg', '2022-03-14', 0),
(73, 17, '2022-03-14', '90000', 3, 1, 'sd.jpeg', '2022-03-15', 0),
(74, 25, '2022-03-15', '12000', 3, 1, 'sd.jpeg', '2022-03-16', 0),
(75, 12, '2022-03-16', '6000', 3, 1, 'sd.jpeg', '2022-03-17', 0),
(76, 17, '2022-03-17', '1000000', 3, 1, 'sd.jpeg', '2022-03-18', 0),
(77, 11, '2022-03-18', '70000', 3, 1, 'sd.jpeg', '2022-03-19', 0),
(78, 6, '2022-03-19', '10000', 3, 1, 'sd.jpeg', '2022-03-20', 0),
(79, 17, '2022-03-20', '250000', 3, 1, 'sd.jpeg', '2022-03-21', 0),
(80, 29, '2022-03-21', '60000', 3, 1, 'sd.jpeg', '2022-03-22', 0),
(81, 26, '2022-03-22', '60000', 3, 1, 'sd.jpeg', '2022-03-23', 0),
(82, 5, '2022-03-23', '2000000', 3, 1, 'sd.jpeg', '2022-03-24', 0),
(83, 27, '2022-03-24', '62000', 3, 1, 'sd.jpeg', '2022-03-25', 0),
(84, 21, '2022-03-25', '60000', 3, 1, 'sd.jpeg', '2022-03-26', 0),
(85, 26, '2022-03-26', '186000', 3, 1, 'sd.jpeg', '2022-03-27', 0),
(86, 5, '2022-03-27', '750000', 3, 1, 'sd.jpeg', '2022-03-28', 0),
(87, 10, '2022-03-28', '15000', 3, 1, 'sd.jpeg', '2022-03-29', 0),
(88, 29, '2022-03-29', '46000', 3, 1, 'sd.jpeg', '2022-03-30', 0),
(89, 12, '2022-03-30', '30000', 3, 1, 'sd.jpeg', '2022-03-31', 0),
(90, 14, '2022-03-31', '50000', 3, 1, 'sd.jpeg', '2022-04-01', 0),
(91, 27, '2022-04-01', '6000', 3, 1, 'sd.jpeg', '2022-04-02', 0),
(92, 8, '2022-04-02', '18000', 3, 1, 'sd.jpeg', '2022-04-03', 0),
(93, 24, '2022-04-03', '10000', 3, 1, 'sd.jpeg', '2022-04-04', 0),
(94, 19, '2022-04-04', '124000', 3, 1, 'sd.jpeg', '2022-04-05', 0),
(95, 12, '2022-04-05', '20000', 3, 1, 'sd.jpeg', '2022-04-06', 0),
(96, 13, '2022-04-06', '30000', 3, 1, 'sd.jpeg', '2022-04-07', 0),
(97, 23, '2022-04-07', '50000', 3, 1, 'sd.jpeg', '2022-04-08', 0),
(98, 24, '2022-04-08', '186000', 3, 1, 'sd.jpeg', '2022-04-09', 0),
(99, 21, '2022-04-09', '35000', 3, 1, 'sd.jpeg', '2022-04-10', 0),
(100, 12, '2022-04-10', '45000', 3, 1, 'sd.jpeg', '2022-04-11', 0),
(101, 22, '2022-04-11', '62000', 3, 1, 'sd.jpeg', '2022-04-12', 0),
(102, 25, '2022-04-12', '50000', 3, 1, 'sd.jpeg', '2022-04-13', 0),
(103, 22, '2022-04-13', '500000', 3, 1, 'sd.jpeg', '2022-04-14', 0),
(104, 7, '2022-04-14', '30000', 3, 1, 'sd.jpeg', '2022-04-15', 0),
(105, 7, '2022-04-15', '150000', 3, 1, 'sd.jpeg', '2022-04-16', 0),
(106, 16, '2022-04-16', '69000', 3, 1, 'sd.jpeg', '2022-04-17', 0),
(107, 22, '2022-04-17', '105000', 3, 1, 'sd.jpeg', '2022-04-18', 0),
(108, 20, '2022-04-18', '30000', 3, 1, 'sd.jpeg', '2022-04-19', 0),
(109, 12, '2022-04-19', '12000', 3, 1, 'sd.jpeg', '2022-04-20', 0),
(110, 6, '2022-04-20', '6000', 3, 1, 'sd.jpeg', '2022-04-21', 0),
(111, 29, '2022-04-21', '30000', 3, 1, 'sd.jpeg', '2022-04-22', 0),
(112, 8, '2022-04-22', '250000', 3, 1, 'sd.jpeg', '2022-04-23', 0),
(113, 30, '2022-04-23', '2000000', 3, 1, 'sd.jpeg', '2022-04-24', 0),
(114, 21, '2022-04-24', '62000', 3, 1, 'sd.jpeg', '2022-04-25', 0),
(115, 17, '2022-04-25', '70000', 3, 1, 'sd.jpeg', '2022-04-26', 0),
(116, 4, '2022-04-26', '45000', 3, 1, 'sd.jpeg', '2022-04-27', 0),
(117, 26, '2022-04-27', '23000', 3, 1, 'sd.jpeg', '2022-04-28', 0),
(118, 4, '2022-04-28', '60000', 3, 1, 'sd.jpeg', '2022-04-29', 0),
(119, 12, '2022-04-29', '2000000', 3, 1, 'sd.jpeg', '2022-04-30', 0),
(120, 5, '2022-04-30', '124000', 3, 1, 'sd.jpeg', '2022-05-01', 0),
(121, 11, '2022-05-01', '30000', 3, 1, 'sd.jpeg', '2022-05-02', 0),
(122, 26, '2022-05-02', '90000', 3, 1, 'sd.jpeg', '2022-05-03', 0),
(123, 20, '2022-05-03', '10000', 3, 1, 'sd.jpeg', '2022-05-04', 0),
(124, 17, '2022-05-04', '124000', 3, 1, 'sd.jpeg', '2022-05-05', 0),
(125, 3, '2022-05-05', '750000', 3, 1, 'sd.jpeg', '2022-05-06', 0),
(126, 6, '2022-05-06', '124000', 3, 1, 'sd.jpeg', '2022-05-07', 0),
(127, 25, '2022-05-07', '15000', 3, 1, 'sd.jpeg', '2022-05-08', 0),
(128, 10, '2022-05-08', '124000', 3, 1, 'sd.jpeg', '2022-05-09', 0),
(129, 10, '2022-05-09', '105000', 3, 1, 'sd.jpeg', '2022-05-10', 0),
(130, 9, '2022-05-10', '90000', 3, 1, 'sd.jpeg', '2022-05-11', 0),
(131, 8, '2022-05-11', '250000', 3, 1, 'sd.jpeg', '2022-05-12', 0),
(132, 26, '2022-05-12', '30000', 3, 1, 'sd.jpeg', '2022-05-13', 0),
(133, 28, '2022-05-13', '150000', 3, 1, 'sd.jpeg', '2022-05-14', 0),
(134, 28, '2022-05-14', '2000000', 3, 1, 'sd.jpeg', '2022-05-15', 0),
(135, 27, '2022-05-15', '50000', 3, 1, 'sd.jpeg', '2022-05-16', 0),
(136, 9, '2022-05-16', '105000', 3, 1, 'sd.jpeg', '2022-05-17', 0),
(137, 2, '2022-05-17', '46000', 3, 1, 'sd.jpeg', '2022-05-18', 0),
(138, 22, '2022-05-18', '18000', 3, 1, 'sd.jpeg', '2022-05-19', 0),
(139, 14, '2022-05-19', '20000', 3, 1, 'sd.jpeg', '2022-05-20', 0),
(140, 2, '2022-05-20', '100000', 3, 1, 'sd.jpeg', '2022-05-21', 0),
(141, 14, '2022-05-21', '69000', 3, 1, 'sd.jpeg', '2022-05-22', 0),
(142, 8, '2022-05-22', '1000000', 3, 1, 'sd.jpeg', '2022-05-23', 0),
(143, 3, '2022-05-23', '23000', 3, 1, 'sd.jpeg', '2022-05-24', 0),
(144, 26, '2022-05-24', '3000000', 3, 1, 'sd.jpeg', '2022-05-25', 0),
(145, 1, '2022-05-25', '90000', 3, 1, 'sd.jpeg', '2022-05-26', 0),
(146, 10, '2022-05-26', '750000', 3, 1, 'sd.jpeg', '2022-05-27', 0),
(147, 18, '2022-05-27', '500000', 3, 1, 'sd.jpeg', '2022-05-28', 0),
(148, 14, '2022-05-28', '15000', 3, 1, 'sd.jpeg', '2022-05-29', 0),
(149, 15, '2022-05-29', '30000', 3, 1, 'sd.jpeg', '2022-05-30', 0),
(150, 2, '2022-05-30', '186000', 3, 1, 'sd.jpeg', '2022-05-31', 0),
(151, 23, '2022-05-31', '30000', 3, 1, 'sd.jpeg', '2022-06-01', 0),
(152, 14, '2022-06-01', '500000', 3, 1, 'sd.jpeg', '2022-06-02', 0),
(153, 18, '2022-06-02', '20000', 3, 1, 'sd.jpeg', '2022-06-03', 0),
(154, 29, '2022-06-03', '30000', 3, 1, 'sd.jpeg', '2022-06-04', 0),
(155, 18, '2022-06-04', '3000000', 3, 1, 'sd.jpeg', '2022-06-05', 0),
(156, 16, '2022-06-05', '10000', 3, 1, 'sd.jpeg', '2022-06-06', 0),
(157, 17, '2022-06-06', '10000', 3, 1, 'sd.jpeg', '2022-06-07', 0),
(158, 25, '2022-06-07', '20000', 3, 1, 'sd.jpeg', '2022-06-08', 0),
(159, 18, '2022-06-08', '2000000', 3, 1, 'sd.jpeg', '2022-06-09', 0),
(160, 5, '2022-06-09', '62000', 3, 1, 'sd.jpeg', '2022-06-10', 0),
(161, 11, '2022-06-10', '15000', 3, 1, 'sd.jpeg', '2022-06-11', 0),
(162, 2, '2022-06-11', '70000', 3, 1, 'sd.jpeg', '2022-06-12', 0),
(163, 5, '2022-06-12', '6000', 3, 1, 'sd.jpeg', '2022-06-13', 0),
(164, 17, '2022-06-13', '30000', 3, 1, 'sd.jpeg', '2022-06-14', 0),
(165, 4, '2022-06-14', '105000', 3, 1, 'sd.jpeg', '2022-06-15', 0),
(166, 30, '2022-06-15', '46000', 3, 1, 'sd.jpeg', '2022-06-16', 0),
(167, 10, '2022-06-16', '70000', 3, 1, 'sd.jpeg', '2022-06-17', 0),
(168, 11, '2022-06-17', '10000', 3, 1, 'sd.jpeg', '2022-06-18', 0),
(169, 16, '2022-06-18', '750000', 3, 1, 'sd.jpeg', '2022-06-19', 0),
(170, 5, '2022-06-19', '35000', 3, 1, 'sd.jpeg', '2022-06-20', 0),
(171, 11, '2022-06-20', '12000', 3, 1, 'sd.jpeg', '2022-06-21', 0),
(172, 22, '2022-06-21', '2000000', 3, 1, 'sd.jpeg', '2022-06-22', 0),
(173, 11, '2022-06-22', '15000', 3, 1, 'sd.jpeg', '2022-06-23', 0),
(174, 10, '2022-06-23', '12000', 3, 1, 'sd.jpeg', '2022-06-24', 0),
(175, 6, '2022-06-24', '250000', 3, 1, 'sd.jpeg', '2022-06-25', 0),
(176, 12, '2022-06-25', '150000', 3, 1, 'sd.jpeg', '2022-06-26', 0),
(177, 15, '2022-06-26', '70000', 3, 1, 'sd.jpeg', '2022-06-27', 0),
(178, 3, '2022-06-27', '23000', 3, 1, 'sd.jpeg', '2022-06-28', 0),
(179, 18, '2022-06-28', '186000', 3, 1, 'sd.jpeg', '2022-06-29', 0),
(180, 4, '2022-06-29', '3000000', 3, 1, 'sd.jpeg', '2022-06-30', 0),
(181, 13, '2022-06-30', '500000', 3, 1, 'sd.jpeg', '2022-07-01', 0),
(182, 5, '2022-07-01', '186000', 3, 1, 'sd.jpeg', '2022-07-02', 0),
(183, 8, '2022-07-02', '70000', 3, 1, 'sd.jpeg', '2022-07-03', 0),
(184, 4, '2022-07-03', '18000', 3, 1, 'sd.jpeg', '2022-07-04', 0),
(185, 18, '2022-07-04', '12000', 3, 1, 'sd.jpeg', '2022-07-05', 0),
(186, 19, '2022-07-05', '1000000', 3, 1, 'sd.jpeg', '2022-07-06', 0),
(187, 5, '2022-07-06', '6000', 3, 1, 'sd.jpeg', '2022-07-07', 0),
(188, 21, '2022-07-07', '150000', 3, 1, 'sd.jpeg', '2022-07-08', 0),
(189, 27, '2022-07-08', '62000', 3, 1, 'sd.jpeg', '2022-07-09', 0),
(190, 20, '2022-07-09', '35000', 3, 1, 'sd.jpeg', '2022-07-10', 0),
(191, 20, '2022-07-10', '6000', 3, 1, 'sd.jpeg', '2022-07-11', 0),
(192, 15, '2022-07-11', '69000', 3, 1, 'sd.jpeg', '2022-07-12', 0),
(193, 11, '2022-07-12', '18000', 3, 1, 'sd.jpeg', '2022-07-13', 0),
(194, 19, '2022-07-13', '10000', 3, 1, 'sd.jpeg', '2022-07-14', 0),
(195, 27, '2022-07-14', '50000', 3, 1, 'sd.jpeg', '2022-07-15', 0),
(196, 18, '2022-07-15', '90000', 3, 1, 'sd.jpeg', '2022-07-16', 0),
(197, 27, '2022-07-16', '500000', 3, 1, 'sd.jpeg', '2022-07-17', 0),
(198, 2, '2022-07-17', '35000', 3, 1, 'sd.jpeg', '2022-07-18', 0),
(199, 10, '2022-07-18', '23000', 3, 1, 'sd.jpeg', '2022-07-19', 0),
(200, 11, '2022-07-19', '90000', 3, 1, 'sd.jpeg', '2022-07-20', 0),
(201, 9, '2022-07-20', '30000', 3, 1, 'sd.jpeg', '2022-07-21', 0),
(202, 22, '2022-07-21', '750000', 3, 1, 'sd.jpeg', '2022-07-22', 0),
(203, 4, '2022-07-22', '250000', 3, 1, 'sd.jpeg', '2022-07-23', 0),
(204, 2, '2022-07-23', '50000', 3, 1, 'sd.jpeg', '2022-07-24', 0),
(205, 8, '2022-07-24', '18000', 3, 1, 'sd.jpeg', '2022-07-25', 0),
(206, 5, '2022-07-25', '90000', 3, 1, 'sd.jpeg', '2022-07-26', 0),
(207, 25, '2022-07-26', '124000', 3, 1, 'sd.jpeg', '2022-07-27', 0),
(208, 8, '2022-07-27', '60000', 3, 1, 'sd.jpeg', '2022-07-28', 0),
(209, 7, '2022-07-28', '6000', 3, 1, 'sd.jpeg', '2022-07-29', 0),
(210, 18, '2022-07-29', '150000', 3, 1, 'sd.jpeg', '2022-07-30', 0),
(211, 1, '2022-07-30', '18000', 3, 1, 'sd.jpeg', '2022-07-31', 0),
(212, 20, '2022-07-31', '150000', 3, 1, 'sd.jpeg', '2022-08-01', 0),
(213, 28, '2022-08-01', '46000', 3, 1, 'sd.jpeg', '2022-08-02', 0),
(214, 26, '2022-08-02', '30000', 3, 1, 'sd.jpeg', '2022-08-03', 0),
(215, 14, '2022-08-03', '6000', 3, 1, 'sd.jpeg', '2022-08-04', 0),
(216, 25, '2022-08-04', '150000', 3, 1, 'sd.jpeg', '2022-08-05', 0),
(217, 29, '2022-08-05', '10000', 3, 1, 'sd.jpeg', '2022-08-06', 0),
(218, 28, '2022-08-06', '50000', 3, 1, 'sd.jpeg', '2022-08-07', 0),
(219, 19, '2022-08-07', '45000', 3, 1, 'sd.jpeg', '2022-08-08', 0),
(220, 15, '2022-08-08', '30000', 3, 1, 'sd.jpeg', '2022-08-09', 0),
(221, 13, '2022-08-09', '250000', 3, 1, 'sd.jpeg', '2022-08-10', 0),
(222, 22, '2022-08-10', '23000', 3, 1, 'sd.jpeg', '2022-08-11', 0),
(223, 30, '2022-08-11', '250000', 3, 1, 'sd.jpeg', '2022-08-12', 0),
(224, 10, '2022-08-12', '90000', 3, 1, 'sd.jpeg', '2022-08-13', 0),
(225, 4, '2022-08-13', '90000', 3, 1, 'sd.jpeg', '2022-08-14', 0),
(226, 12, '2022-08-14', '250000', 3, 1, 'sd.jpeg', '2022-08-15', 0),
(227, 8, '2022-08-15', '750000', 3, 1, 'sd.jpeg', '2022-08-16', 0),
(228, 4, '2022-08-16', '12000', 3, 1, 'sd.jpeg', '2022-08-17', 0),
(229, 30, '2022-08-17', '46000', 3, 1, 'sd.jpeg', '2022-08-18', 0),
(230, 6, '2022-08-18', '60000', 3, 1, 'sd.jpeg', '2022-08-19', 0),
(231, 28, '2022-08-19', '186000', 3, 1, 'sd.jpeg', '2022-08-20', 0),
(232, 29, '2022-08-20', '105000', 3, 1, 'sd.jpeg', '2022-08-21', 0),
(233, 24, '2022-08-21', '45000', 3, 1, 'sd.jpeg', '2022-08-22', 0),
(234, 18, '2022-08-22', '62000', 3, 1, 'sd.jpeg', '2022-08-23', 0),
(235, 28, '2022-08-23', '100000', 3, 1, 'sd.jpeg', '2022-08-24', 0),
(236, 3, '2022-08-24', '45000', 3, 1, 'sd.jpeg', '2022-08-25', 0),
(237, 21, '2022-08-25', '15000', 3, 1, 'sd.jpeg', '2022-08-26', 0),
(238, 29, '2022-08-26', '30000', 3, 1, 'sd.jpeg', '2022-08-27', 0),
(239, 25, '2022-08-27', '10000', 3, 1, 'sd.jpeg', '2022-08-28', 0),
(240, 7, '2022-08-28', '23000', 3, 1, 'sd.jpeg', '2022-08-29', 0),
(241, 12, '2022-08-29', '100000', 3, 1, 'sd.jpeg', '2022-08-30', 0),
(242, 19, '2022-08-30', '69000', 3, 1, 'sd.jpeg', '2022-08-31', 0),
(243, 5, '2022-08-31', '150000', 3, 1, 'sd.jpeg', '2022-09-01', 0),
(244, 7, '2022-09-01', '60000', 3, 1, 'sd.jpeg', '2022-09-02', 0),
(245, 30, '2022-09-02', '35000', 3, 1, 'sd.jpeg', '2022-09-03', 0),
(246, 4, '2022-09-03', '100000', 3, 1, 'sd.jpeg', '2022-09-04', 0),
(247, 17, '2022-09-04', '30000', 3, 1, 'sd.jpeg', '2022-09-05', 0),
(248, 20, '2022-09-05', '30000', 3, 1, 'sd.jpeg', '2022-09-06', 0),
(249, 15, '2022-09-06', '30000', 3, 1, 'sd.jpeg', '2022-09-07', 0),
(250, 15, '2022-09-07', '90000', 3, 1, 'sd.jpeg', '2022-09-08', 0),
(251, 12, '2022-09-08', '90000', 3, 1, 'sd.jpeg', '2022-09-09', 0),
(252, 11, '2022-09-09', '105000', 3, 1, 'sd.jpeg', '2022-09-10', 0),
(253, 8, '2022-09-10', '45000', 3, 1, 'sd.jpeg', '2022-09-11', 0),
(254, 13, '2022-09-11', '30000', 3, 1, 'sd.jpeg', '2022-09-12', 0),
(255, 3, '2022-09-12', '60000', 3, 1, 'sd.jpeg', '2022-09-13', 0),
(256, 6, '2022-09-13', '6000', 3, 1, 'sd.jpeg', '2022-09-14', 0),
(257, 24, '2022-09-14', '1000000', 3, 1, 'sd.jpeg', '2022-09-15', 0),
(258, 4, '2022-09-15', '500000', 3, 1, 'sd.jpeg', '2022-09-16', 0),
(259, 7, '2022-09-16', '2000000', 3, 1, 'sd.jpeg', '2022-09-17', 0),
(260, 18, '2022-09-17', '15000', 3, 1, 'sd.jpeg', '2022-09-18', 0),
(261, 2, '2022-09-18', '50000', 3, 1, 'sd.jpeg', '2022-09-19', 0),
(262, 12, '2022-09-19', '500000', 3, 1, 'sd.jpeg', '2022-09-20', 0),
(263, 24, '2022-09-20', '100000', 3, 1, 'sd.jpeg', '2022-09-21', 0),
(264, 29, '2022-09-21', '70000', 3, 1, 'sd.jpeg', '2022-09-22', 0),
(265, 15, '2022-09-22', '750000', 3, 1, 'sd.jpeg', '2022-09-23', 0),
(266, 28, '2022-09-23', '50000', 3, 1, 'sd.jpeg', '2022-09-24', 0),
(267, 30, '2022-09-24', '100000', 3, 1, 'sd.jpeg', '2022-09-25', 0),
(268, 16, '2022-09-25', '60000', 3, 1, 'sd.jpeg', '2022-09-26', 0),
(269, 9, '2022-09-26', '50000', 3, 1, 'sd.jpeg', '2022-09-27', 0),
(270, 15, '2022-09-27', '3000000', 3, 1, 'sd.jpeg', '2022-09-28', 0),
(271, 24, '2022-09-28', '150000', 3, 1, 'sd.jpeg', '2022-09-29', 0),
(272, 14, '2022-09-29', '1000000', 3, 1, 'sd.jpeg', '2022-09-30', 0),
(273, 17, '2022-09-30', '15000', 3, 1, 'sd.jpeg', '2022-10-01', 0),
(274, 30, '2022-10-01', '60000', 3, 1, 'sd.jpeg', '2022-10-02', 0),
(275, 24, '2022-10-02', '46000', 3, 1, 'sd.jpeg', '2022-10-03', 0),
(276, 14, '2022-10-03', '2000000', 3, 1, 'sd.jpeg', '2022-10-04', 0),
(277, 23, '2022-10-04', '30000', 3, 1, 'sd.jpeg', '2022-10-05', 0),
(278, 29, '2022-10-05', '50000', 3, 1, 'sd.jpeg', '2022-10-06', 0),
(279, 21, '2022-10-06', '69000', 3, 1, 'sd.jpeg', '2022-10-07', 0),
(280, 5, '2022-10-07', '90000', 3, 1, 'sd.jpeg', '2022-10-08', 0),
(281, 13, '2022-10-08', '62000', 3, 1, 'sd.jpeg', '2022-10-09', 0),
(282, 26, '2022-10-09', '2000000', 3, 1, 'sd.jpeg', '2022-10-10', 0),
(283, 25, '2022-10-10', '100000', 3, 1, 'sd.jpeg', '2022-10-11', 0),
(284, 6, '2022-10-11', '90000', 3, 1, 'sd.jpeg', '2022-10-12', 0),
(285, 22, '2022-10-12', '45000', 3, 1, 'sd.jpeg', '2022-10-13', 0),
(286, 11, '2022-10-13', '30000', 3, 1, 'sd.jpeg', '2022-10-14', 0),
(287, 23, '2022-10-14', '186000', 3, 1, 'sd.jpeg', '2022-10-15', 0),
(288, 20, '2022-10-15', '50000', 3, 1, 'sd.jpeg', '2022-10-16', 0),
(289, 21, '2022-10-16', '105000', 3, 1, 'sd.jpeg', '2022-10-17', 0),
(290, 23, '2022-10-17', '250000', 3, 1, 'sd.jpeg', '2022-10-18', 0),
(291, 15, '2022-10-18', '250000', 3, 1, 'sd.jpeg', '2022-10-19', 0),
(292, 6, '2022-10-19', '18000', 3, 1, 'sd.jpeg', '2022-10-20', 0),
(293, 17, '2022-10-20', '2000000', 3, 1, 'sd.jpeg', '2022-10-21', 0),
(294, 15, '2022-10-21', '150000', 3, 1, 'sd.jpeg', '2022-10-22', 0),
(295, 17, '2022-10-22', '10000', 3, 1, 'sd.jpeg', '2022-10-23', 0),
(296, 18, '2022-10-23', '12000', 3, 1, 'sd.jpeg', '2022-10-24', 0),
(297, 27, '2022-10-24', '6000', 3, 1, 'sd.jpeg', '2022-10-25', 0),
(298, 29, '2022-10-25', '45000', 3, 1, 'sd.jpeg', '2022-10-26', 0),
(299, 10, '2022-10-26', '20000', 3, 1, 'sd.jpeg', '2022-10-27', 0),
(300, 15, '2022-10-27', '60000', 3, 1, 'sd.jpeg', '2022-10-28', 0),
(301, 26, '2022-10-28', '105000', 3, 1, 'sd.jpeg', '2022-10-29', 0),
(302, 1, '2022-10-29', '105000', 3, 1, 'sd.jpeg', '2022-10-30', 0),
(303, 24, '2022-10-30', '105000', 3, 1, 'sd.jpeg', '2022-10-31', 0),
(304, 26, '2022-10-31', '12000', 3, 1, 'sd.jpeg', '2022-11-01', 0),
(305, 1, '2022-11-01', '15000', 3, 1, 'sd.jpeg', '2022-11-02', 0),
(306, 13, '2022-11-02', '30000', 3, 1, 'sd.jpeg', '2022-11-03', 0),
(307, 29, '2022-11-03', '2000000', 3, 1, 'sd.jpeg', '2022-11-04', 0),
(308, 20, '2022-11-04', '250000', 3, 1, 'sd.jpeg', '2022-11-05', 0),
(309, 9, '2022-11-05', '150000', 3, 1, 'sd.jpeg', '2022-11-06', 0),
(310, 11, '2022-11-06', '250000', 3, 1, 'sd.jpeg', '2022-11-07', 0),
(311, 7, '2022-11-07', '45000', 3, 1, 'sd.jpeg', '2022-11-08', 0),
(312, 3, '2022-11-08', '70000', 3, 1, 'sd.jpeg', '2022-11-09', 0),
(313, 20, '2022-11-09', '2000000', 3, 1, 'sd.jpeg', '2022-11-10', 0),
(314, 28, '2022-11-10', '18000', 3, 1, 'sd.jpeg', '2022-11-11', 0),
(315, 7, '2022-11-11', '69000', 3, 1, 'sd.jpeg', '2022-11-12', 0),
(316, 30, '2022-11-12', '750000', 3, 1, 'sd.jpeg', '2022-11-13', 0),
(317, 23, '2022-11-13', '30000', 3, 1, 'sd.jpeg', '2022-11-14', 0),
(318, 16, '2022-11-14', '500000', 3, 1, 'sd.jpeg', '2022-11-15', 0),
(319, 10, '2022-11-15', '15000', 3, 1, 'sd.jpeg', '2022-11-16', 0),
(320, 7, '2022-11-16', '70000', 3, 1, 'sd.jpeg', '2022-11-17', 0),
(321, 23, '2022-11-17', '6000', 3, 1, 'sd.jpeg', '2022-11-18', 0),
(322, 2, '2022-11-18', '60000', 3, 1, 'sd.jpeg', '2022-11-19', 0),
(323, 11, '2022-11-19', '150000', 3, 1, 'sd.jpeg', '2022-11-20', 0),
(324, 14, '2022-11-20', '3000000', 3, 1, 'sd.jpeg', '2022-11-21', 0),
(325, 9, '2022-11-21', '250000', 3, 1, 'sd.jpeg', '2022-11-22', 0),
(326, 14, '2022-11-22', '20000', 3, 1, 'sd.jpeg', '2022-11-23', 0),
(327, 17, '2022-11-23', '46000', 3, 1, 'sd.jpeg', '2022-11-24', 0),
(328, 27, '2022-11-24', '750000', 3, 1, 'sd.jpeg', '2022-11-25', 0),
(329, 25, '2022-11-25', '30000', 3, 1, 'sd.jpeg', '2022-11-26', 0),
(330, 22, '2022-11-26', '124000', 3, 1, 'sd.jpeg', '2022-11-27', 0),
(331, 27, '2022-11-27', '60000', 3, 1, 'sd.jpeg', '2022-11-28', 0),
(332, 3, '2022-11-28', '150000', 3, 1, 'sd.jpeg', '2022-11-29', 0),
(333, 16, '2022-11-29', '12000', 3, 1, 'sd.jpeg', '2022-11-30', 0),
(334, 29, '2022-11-30', '62000', 3, 1, 'sd.jpeg', '2022-12-01', 0),
(335, 8, '2022-12-01', '124000', 3, 1, 'sd.jpeg', '2022-12-02', 0),
(336, 25, '2022-12-02', '100000', 3, 1, 'sd.jpeg', '2022-12-03', 0),
(337, 24, '2022-12-03', '23000', 3, 1, 'sd.jpeg', '2022-12-04', 0),
(338, 23, '2022-12-04', '35000', 3, 1, 'sd.jpeg', '2022-12-05', 0),
(339, 22, '2022-12-05', '18000', 3, 1, 'sd.jpeg', '2022-12-06', 0),
(340, 7, '2022-12-06', '150000', 3, 1, 'sd.jpeg', '2022-12-07', 0),
(341, 3, '2022-12-07', '30000', 3, 1, 'sd.jpeg', '2022-12-08', 0),
(342, 2, '2022-12-08', '186000', 3, 1, 'sd.jpeg', '2022-12-09', 0),
(343, 7, '2022-12-09', '30000', 3, 1, 'sd.jpeg', '2022-12-10', 0),
(344, 29, '2022-12-10', '60000', 3, 1, 'sd.jpeg', '2022-12-11', 0),
(345, 15, '2022-12-11', '45000', 3, 1, 'sd.jpeg', '2022-12-12', 0),
(346, 26, '2022-12-12', '6000', 3, 1, 'sd.jpeg', '2022-12-13', 0),
(347, 30, '2022-12-13', '2000000', 3, 1, 'sd.jpeg', '2022-12-14', 0),
(348, 9, '2022-12-14', '6000', 3, 1, 'sd.jpeg', '2022-12-15', 0),
(349, 29, '2022-12-15', '15000', 3, 1, 'sd.jpeg', '2022-12-16', 0),
(350, 2, '2022-12-16', '1000000', 3, 1, 'sd.jpeg', '2022-12-17', 0),
(351, 4, '2022-12-17', '10000', 3, 1, 'sd.jpeg', '2022-12-18', 0),
(352, 11, '2022-12-18', '186000', 3, 1, 'sd.jpeg', '2022-12-19', 0),
(353, 12, '2022-12-19', '250000', 3, 1, 'sd.jpeg', '2022-12-20', 0),
(354, 19, '2022-12-20', '90000', 3, 1, 'sd.jpeg', '2022-12-21', 0),
(355, 28, '2022-12-21', '35000', 3, 1, 'sd.jpeg', '2022-12-22', 0),
(356, 7, '2022-12-22', '1000000', 3, 1, 'sd.jpeg', '2022-12-23', 0),
(357, 5, '2022-12-23', '100000', 3, 1, 'sd.jpeg', '2022-12-24', 0),
(358, 26, '2022-12-24', '150000', 3, 1, 'sd.jpeg', '2022-12-25', 0),
(359, 13, '2022-12-25', '105000', 3, 1, 'sd.jpeg', '2022-12-26', 0),
(360, 4, '2022-12-26', '62000', 3, 1, 'sd.jpeg', '2022-12-27', 0),
(361, 9, '2022-12-27', '45000', 3, 1, 'sd.jpeg', '2022-12-28', 0),
(362, 16, '2022-12-28', '500000', 3, 1, 'sd.jpeg', '2022-12-29', 0),
(363, 17, '2022-12-29', '12000', 3, 1, 'sd.jpeg', '2022-12-30', 0),
(364, 20, '2022-12-30', '20000', 3, 1, 'sd.jpeg', '2022-12-31', 0),
(365, 10, '2022-12-31', '150000', 3, 1, 'sd.jpeg', '2023-01-01', 0),
(366, 3, '2023-01-01', '35000', 3, 1, 'sd.jpeg', '2023-01-02', 0),
(367, 23, '2023-01-02', '500000', 3, 1, 'sd.jpeg', '2023-01-03', 0),
(368, 20, '2023-01-03', '186000', 3, 1, 'sd.jpeg', '2023-01-04', 0),
(369, 29, '2023-01-04', '10000', 3, 1, 'sd.jpeg', '2023-01-05', 0),
(370, 18, '2023-01-05', '150000', 3, 1, 'sd.jpeg', '2023-01-06', 0),
(371, 6, '2023-01-06', '60000', 3, 1, 'sd.jpeg', '2023-01-07', 0),
(372, 26, '2023-01-07', '70000', 3, 1, 'sd.jpeg', '2023-01-08', 0),
(373, 5, '2023-01-08', '3000000', 3, 1, 'sd.jpeg', '2023-01-09', 0),
(374, 2, '2023-01-09', '45000', 3, 1, 'sd.jpeg', '2023-01-10', 0),
(375, 11, '2023-01-10', '3000000', 3, 1, 'sd.jpeg', '2023-01-11', 0),
(376, 3, '2023-01-11', '1000000', 3, 1, 'sd.jpeg', '2023-01-12', 0),
(377, 12, '2023-01-12', '60000', 3, 1, 'sd.jpeg', '2023-01-13', 0),
(378, 25, '2023-01-13', '20000', 3, 1, 'sd.jpeg', '2023-01-14', 0),
(379, 7, '2023-01-14', '105000', 3, 1, 'sd.jpeg', '2023-01-15', 0),
(380, 15, '2023-01-15', '35000', 3, 1, 'sd.jpeg', '2023-01-16', 0),
(381, 4, '2023-01-16', '6000', 3, 1, 'sd.jpeg', '2023-01-17', 0),
(382, 10, '2023-01-17', '23000', 3, 1, 'sd.jpeg', '2023-01-18', 0),
(383, 6, '2023-01-18', '3000000', 3, 1, 'sd.jpeg', '2023-01-19', 0),
(384, 9, '2023-01-19', '150000', 3, 1, 'sd.jpeg', '2023-01-20', 0),
(385, 24, '2023-01-20', '46000', 3, 1, 'sd.jpeg', '2023-01-21', 0),
(386, 16, '2023-01-21', '2000000', 3, 1, 'sd.jpeg', '2023-01-22', 0),
(387, 15, '2023-01-22', '3000000', 3, 1, 'sd.jpeg', '2023-01-23', 0),
(388, 28, '2023-01-23', '12000', 3, 1, 'sd.jpeg', '2023-01-24', 0),
(389, 19, '2023-01-24', '50000', 3, 1, 'sd.jpeg', '2023-01-25', 0),
(390, 9, '2023-01-25', '1000000', 3, 1, 'sd.jpeg', '2023-01-26', 0),
(391, 7, '2023-01-26', '100000', 3, 1, 'sd.jpeg', '2023-01-27', 0),
(392, 20, '2023-01-27', '6000', 3, 1, 'sd.jpeg', '2023-01-28', 0),
(393, 23, '2023-01-28', '15000', 3, 1, 'sd.jpeg', '2023-01-29', 0),
(394, 28, '2023-01-29', '30000', 3, 1, 'sd.jpeg', '2023-01-30', 0),
(395, 4, '2023-01-30', '15000', 3, 1, 'sd.jpeg', '2023-01-31', 0),
(396, 14, '2023-01-31', '30000', 3, 1, 'sd.jpeg', '2023-02-01', 0),
(397, 23, '2023-02-01', '20000', 3, 1, 'sd.jpeg', '2023-02-02', 0),
(398, 6, '2023-02-02', '50000', 3, 1, 'sd.jpeg', '2023-02-03', 0),
(399, 12, '2023-02-03', '50000', 3, 1, 'sd.jpeg', '2023-02-04', 0),
(400, 20, '2023-02-04', '105000', 3, 1, 'sd.jpeg', '2023-02-05', 0),
(401, 7, '2023-02-05', '46000', 3, 1, 'sd.jpeg', '2023-02-06', 0),
(402, 9, '2023-02-06', '500000', 3, 1, 'sd.jpeg', '2023-02-07', 0),
(403, 12, '2023-02-07', '46000', 3, 1, 'sd.jpeg', '2023-02-08', 0),
(404, 5, '2023-02-08', '12000', 3, 1, 'sd.jpeg', '2023-02-09', 0),
(405, 20, '2023-02-09', '30000', 3, 1, 'sd.jpeg', '2023-02-10', 0),
(406, 24, '2023-02-10', '30000', 3, 1, 'sd.jpeg', '2023-02-11', 0),
(407, 15, '2023-02-11', '2000000', 3, 1, 'sd.jpeg', '2023-02-12', 0),
(408, 13, '2023-02-12', '23000', 3, 1, 'sd.jpeg', '2023-02-13', 0),
(409, 1, '2023-02-13', '20000', 3, 1, 'sd.jpeg', '2023-02-14', 0),
(410, 20, '2023-02-14', '20000', 3, 1, 'sd.jpeg', '2023-02-15', 0),
(411, 22, '2023-02-15', '50000', 3, 1, 'sd.jpeg', '2023-02-16', 0),
(412, 15, '2023-02-16', '18000', 3, 1, 'sd.jpeg', '2023-02-17', 0),
(413, 27, '2023-02-17', '10000', 3, 1, 'sd.jpeg', '2023-02-18', 0),
(414, 5, '2023-02-18', '12000', 3, 1, 'sd.jpeg', '2023-02-19', 0),
(415, 14, '2023-02-19', '23000', 3, 1, 'sd.jpeg', '2023-02-20', 0),
(416, 26, '2023-02-20', '124000', 3, 1, 'sd.jpeg', '2023-02-21', 0),
(417, 21, '2023-02-21', '60000', 3, 1, 'sd.jpeg', '2023-02-22', 0),
(418, 6, '2023-02-22', '30000', 3, 1, 'sd.jpeg', '2023-02-23', 0),
(419, 8, '2023-02-23', '6000', 3, 1, 'sd.jpeg', '2023-02-24', 0),
(420, 6, '2023-02-24', '23000', 3, 1, 'sd.jpeg', '2023-02-25', 0),
(421, 17, '2023-02-25', '50000', 3, 1, 'sd.jpeg', '2023-02-26', 0),
(422, 30, '2023-02-26', '105000', 3, 1, 'sd.jpeg', '2023-02-27', 0),
(423, 14, '2023-02-27', '10000', 3, 1, 'sd.jpeg', '2023-02-28', 0),
(424, 3, '2023-02-28', '12000', 3, 1, 'sd.jpeg', '2023-03-01', 0),
(425, 30, '2023-03-01', '3000000', 3, 1, 'sd.jpeg', '2023-03-02', 0),
(426, 15, '2023-03-02', '10000', 3, 1, 'sd.jpeg', '2023-03-03', 0),
(427, 28, '2023-03-03', '60000', 3, 1, 'sd.jpeg', '2023-03-04', 0),
(428, 18, '2023-03-04', '12000', 3, 1, 'sd.jpeg', '2023-03-05', 0),
(429, 9, '2023-03-05', '2000000', 3, 1, 'sd.jpeg', '2023-03-06', 0),
(430, 21, '2023-03-06', '30000', 3, 1, 'sd.jpeg', '2023-03-07', 0),
(431, 3, '2023-03-07', '124000', 3, 1, 'sd.jpeg', '2023-03-08', 0),
(432, 12, '2023-03-08', '45000', 3, 1, 'sd.jpeg', '2023-03-09', 0),
(433, 23, '2023-03-09', '15000', 3, 1, 'sd.jpeg', '2023-03-10', 0),
(434, 26, '2023-03-10', '20000', 3, 1, 'sd.jpeg', '2023-03-11', 0),
(435, 10, '2023-03-11', '23000', 3, 1, 'sd.jpeg', '2023-03-12', 0),
(436, 10, '2023-03-12', '250000', 3, 1, 'sd.jpeg', '2023-03-13', 0),
(437, 11, '2023-03-13', '35000', 3, 1, 'sd.jpeg', '2023-03-14', 0),
(438, 15, '2023-03-14', '186000', 3, 1, 'sd.jpeg', '2023-03-15', 0),
(439, 9, '2023-03-15', '20000', 3, 1, 'sd.jpeg', '2023-03-16', 0),
(440, 19, '2023-03-16', '30000', 3, 1, 'sd.jpeg', '2023-03-17', 0),
(441, 29, '2023-03-17', '18000', 3, 1, 'sd.jpeg', '2023-03-18', 0),
(442, 7, '2023-03-18', '50000', 3, 1, 'sd.jpeg', '2023-03-19', 0),
(443, 10, '2023-03-19', '45000', 3, 1, 'sd.jpeg', '2023-03-20', 0),
(444, 15, '2023-03-20', '90000', 3, 1, 'sd.jpeg', '2023-03-21', 0),
(445, 6, '2023-03-21', '69000', 3, 1, 'sd.jpeg', '2023-03-22', 0),
(446, 29, '2023-03-22', '62000', 3, 1, 'sd.jpeg', '2023-03-23', 0),
(447, 4, '2023-03-23', '18000', 3, 1, 'sd.jpeg', '2023-03-24', 0),
(448, 27, '2023-03-24', '69000', 3, 1, 'sd.jpeg', '2023-03-25', 0),
(449, 29, '2023-03-25', '69000', 3, 1, 'sd.jpeg', '2023-03-26', 0),
(450, 14, '2023-03-26', '100000', 3, 1, 'sd.jpeg', '2023-03-27', 0),
(451, 25, '2023-03-27', '30000', 3, 1, 'sd.jpeg', '2023-03-28', 0),
(452, 9, '2023-03-28', '3000000', 3, 1, 'sd.jpeg', '2023-03-29', 0),
(453, 17, '2023-03-29', '35000', 3, 1, 'sd.jpeg', '2023-03-30', 0),
(454, 7, '2023-03-30', '18000', 3, 1, 'sd.jpeg', '2023-03-31', 0),
(455, 8, '2023-03-31', '124000', 3, 1, 'sd.jpeg', '2023-04-01', 0),
(456, 30, '2023-04-01', '2000000', 3, 1, 'sd.jpeg', '2023-04-02', 0),
(457, 26, '2023-04-02', '10000', 3, 1, 'sd.jpeg', '2023-04-03', 0),
(458, 7, '2023-04-03', '30000', 3, 1, 'sd.jpeg', '2023-04-04', 0),
(459, 13, '2023-04-04', '45000', 3, 1, 'sd.jpeg', '2023-04-05', 0),
(460, 30, '2023-04-05', '105000', 3, 1, 'sd.jpeg', '2023-04-06', 0),
(461, 5, '2023-04-06', '1000000', 3, 1, 'sd.jpeg', '2023-04-07', 0),
(462, 23, '2023-04-07', '46000', 3, 1, 'sd.jpeg', '2023-04-08', 0),
(463, 29, '2023-04-08', '23000', 3, 1, 'sd.jpeg', '2023-04-09', 0),
(464, 30, '2023-04-09', '69000', 3, 1, 'sd.jpeg', '2023-04-10', 0),
(465, 25, '2023-04-10', '30000', 3, 1, 'sd.jpeg', '2023-04-11', 0),
(466, 22, '2023-04-11', '6000', 3, 1, 'sd.jpeg', '2023-04-12', 0),
(467, 3, '2023-04-12', '45000', 3, 1, 'sd.jpeg', '2023-04-13', 0),
(468, 26, '2023-04-13', '6000', 3, 1, 'sd.jpeg', '2023-04-14', 0),
(469, 22, '2023-04-14', '35000', 3, 1, 'sd.jpeg', '2023-04-15', 0),
(470, 12, '2023-04-15', '45000', 3, 1, 'sd.jpeg', '2023-04-16', 0),
(471, 14, '2023-04-16', '30000', 3, 1, 'sd.jpeg', '2023-04-17', 0),
(472, 7, '2023-04-17', '50000', 3, 1, 'sd.jpeg', '2023-04-18', 0),
(473, 17, '2023-04-18', '69000', 3, 1, 'sd.jpeg', '2023-04-19', 0),
(474, 7, '2023-04-19', '23000', 3, 1, 'sd.jpeg', '2023-04-20', 0),
(475, 10, '2023-04-20', '1000000', 3, 1, 'sd.jpeg', '2023-04-21', 0),
(476, 19, '2023-04-21', '62000', 3, 1, 'sd.jpeg', '2023-04-22', 0),
(477, 5, '2023-04-22', '50000', 3, 1, 'sd.jpeg', '2023-04-23', 0),
(478, 1, '2023-04-23', '46000', 3, 1, 'sd.jpeg', '2023-04-24', 0),
(479, 13, '2023-04-24', '30000', 3, 1, 'sd.jpeg', '2023-04-25', 0),
(480, 11, '2023-04-25', '10000', 3, 1, 'sd.jpeg', '2023-04-26', 0),
(481, 22, '2023-04-26', '6000', 3, 1, 'sd.jpeg', '2023-04-27', 0),
(482, 28, '2023-04-27', '10000', 3, 1, 'sd.jpeg', '2023-04-28', 0),
(483, 29, '2023-04-28', '23000', 3, 1, 'sd.jpeg', '2023-04-29', 0),
(484, 2, '2023-04-29', '60000', 3, 1, 'sd.jpeg', '2023-04-30', 0),
(485, 15, '2023-04-30', '69000', 3, 1, 'sd.jpeg', '2023-05-01', 0),
(486, 28, '2023-05-01', '23000', 3, 1, 'sd.jpeg', '2023-05-02', 0),
(487, 26, '2023-05-02', '15000', 3, 1, 'sd.jpeg', '2023-05-03', 0),
(488, 15, '2023-05-03', '60000', 3, 1, 'sd.jpeg', '2023-05-04', 0),
(489, 18, '2023-05-04', '500000', 3, 1, 'sd.jpeg', '2023-05-05', 0),
(490, 27, '2023-05-05', '45000', 3, 1, 'sd.jpeg', '2023-05-06', 0),
(491, 15, '2023-05-06', '186000', 3, 1, 'sd.jpeg', '2023-05-07', 0),
(492, 23, '2023-05-07', '150000', 3, 1, 'sd.jpeg', '2023-05-08', 0),
(493, 23, '2023-05-08', '60000', 3, 1, 'sd.jpeg', '2023-05-09', 0),
(494, 29, '2023-05-09', '90000', 3, 1, 'sd.jpeg', '2023-05-10', 0),
(495, 18, '2023-05-10', '30000', 3, 1, 'sd.jpeg', '2023-05-11', 0),
(496, 25, '2023-05-11', '750000', 3, 1, 'sd.jpeg', '2023-05-12', 0),
(497, 2, '2023-05-12', '50000', 3, 1, 'sd.jpeg', '2023-05-13', 0),
(498, 20, '2023-05-13', '62000', 3, 1, 'sd.jpeg', '2023-05-14', 0),
(499, 23, '2023-05-14', '2000000', 3, 1, 'sd.jpeg', '2023-05-15', 0),
(500, 4, '2023-05-15', '250000', 3, 1, 'sd.jpeg', '2023-05-16', 0),
(501, 9, '2023-05-16', '69000', 3, 1, 'sd.jpeg', '2023-05-17', 0),
(502, 16, '2023-05-17', '124000', 3, 1, 'sd.jpeg', '2023-05-18', 0),
(503, 15, '2023-05-18', '60000', 3, 1, 'sd.jpeg', '2023-05-19', 0),
(504, 4, '2023-05-19', '50000', 3, 1, 'sd.jpeg', '2023-05-20', 0),
(505, 15, '2023-05-20', '1000000', 3, 1, 'sd.jpeg', '2023-05-21', 0),
(506, 19, '2023-05-21', '105000', 3, 1, 'sd.jpeg', '2023-05-22', 0),
(507, 22, '2023-05-22', '18000', 3, 1, 'sd.jpeg', '2023-05-23', 0),
(508, 24, '2023-05-23', '186000', 3, 1, 'sd.jpeg', '2023-05-24', 0),
(509, 19, '2023-05-24', '30000', 3, 1, 'sd.jpeg', '2023-05-25', 0),
(510, 25, '2023-05-25', '30000', 3, 1, 'sd.jpeg', '2023-05-26', 0),
(511, 2, '2023-05-26', '90000', 3, 1, 'sd.jpeg', '2023-05-27', 0),
(512, 9, '2023-05-27', '50000', 3, 1, 'sd.jpeg', '2023-05-28', 0),
(513, 18, '2023-05-28', '69000', 3, 1, 'sd.jpeg', '2023-05-29', 0),
(514, 23, '2023-05-29', '45000', 3, 1, 'sd.jpeg', '2023-05-30', 0),
(515, 16, '2023-05-30', '23000', 3, 1, 'sd.jpeg', '2023-05-31', 0),
(516, 13, '2023-05-31', '150000', 3, 1, 'sd.jpeg', '2023-06-01', 0),
(517, 29, '2023-06-01', '750000', 3, 1, 'sd.jpeg', '2023-06-02', 0),
(518, 11, '2023-06-02', '30000', 3, 1, 'sd.jpeg', '2023-06-03', 0),
(519, 11, '2023-06-03', '15000', 3, 1, 'sd.jpeg', '2023-06-04', 0),
(520, 6, '2023-06-04', '35000', 3, 1, 'sd.jpeg', '2023-06-05', 0),
(521, 8, '2023-06-05', '10000', 3, 1, 'sd.jpeg', '2023-06-06', 0),
(522, 3, '2023-06-06', '150000', 3, 1, 'sd.jpeg', '2023-06-07', 0),
(523, 21, '2023-06-07', '69000', 3, 1, 'sd.jpeg', '2023-06-08', 0),
(524, 3, '2023-06-08', '46000', 3, 1, 'sd.jpeg', '2023-06-09', 0),
(525, 22, '2023-06-09', '30000', 3, 1, 'sd.jpeg', '2023-06-10', 0),
(526, 29, '2023-06-10', '186000', 3, 1, 'sd.jpeg', '2023-06-11', 0),
(527, 24, '2023-06-11', '46000', 3, 1, 'sd.jpeg', '2023-06-12', 0),
(528, 29, '2023-06-12', '1000000', 3, 1, 'sd.jpeg', '2023-06-13', 0),
(529, 5, '2023-06-13', '20000', 3, 1, 'sd.jpeg', '2023-06-14', 0),
(530, 9, '2023-06-14', '6000', 3, 1, 'sd.jpeg', '2023-06-15', 0),
(531, 29, '2023-06-15', '30000', 3, 1, 'sd.jpeg', '2023-06-16', 0),
(532, 9, '2023-06-16', '35000', 3, 1, 'sd.jpeg', '2023-06-17', 0),
(533, 3, '2023-06-17', '70000', 3, 1, 'sd.jpeg', '2023-06-18', 0),
(534, 28, '2023-06-18', '750000', 3, 1, 'sd.jpeg', '2023-06-19', 0),
(535, 8, '2023-06-19', '2000000', 3, 1, 'sd.jpeg', '2023-06-20', 0),
(536, 2, '2023-06-20', '500000', 3, 1, 'sd.jpeg', '2023-06-21', 0),
(537, 24, '2023-06-21', '46000', 3, 1, 'sd.jpeg', '2023-06-22', 0),
(538, 11, '2023-06-22', '45000', 3, 1, 'sd.jpeg', '2023-06-23', 0),
(539, 6, '2023-06-23', '250000', 3, 1, 'sd.jpeg', '2023-06-24', 0),
(540, 13, '2023-06-24', '30000', 3, 1, 'sd.jpeg', '2023-06-25', 0),
(541, 21, '2023-06-25', '30000', 3, 1, 'sd.jpeg', '2023-06-26', 0),
(542, 9, '2023-06-26', '20000', 3, 1, 'sd.jpeg', '2023-06-27', 0),
(543, 30, '2023-06-27', '18000', 3, 1, 'sd.jpeg', '2023-06-28', 0),
(544, 15, '2023-06-28', '186000', 3, 1, 'sd.jpeg', '2023-06-29', 0),
(545, 22, '2023-06-29', '60000', 3, 1, 'sd.jpeg', '2023-06-30', 0),
(546, 3, '2023-06-30', '15000', 3, 1, 'sd.jpeg', '2023-07-01', 0),
(547, 10, '2023-07-01', '70000', 3, 1, 'sd.jpeg', '2023-07-02', 0),
(548, 7, '2023-07-02', '500000', 3, 1, 'sd.jpeg', '2023-07-03', 0),
(549, 2, '2023-07-03', '105000', 3, 1, 'sd.jpeg', '2023-07-04', 0),
(550, 16, '2023-07-04', '23000', 3, 1, 'sd.jpeg', '2023-07-05', 0),
(551, 21, '2023-07-05', '69000', 3, 1, 'sd.jpeg', '2023-07-06', 0),
(552, 13, '2023-07-06', '150000', 3, 1, 'sd.jpeg', '2023-07-07', 0),
(553, 22, '2023-07-07', '30000', 3, 1, 'sd.jpeg', '2023-07-08', 0),
(554, 17, '2023-07-08', '23000', 3, 1, 'sd.jpeg', '2023-07-09', 0),
(555, 19, '2023-07-09', '15000', 3, 1, 'sd.jpeg', '2023-07-10', 0),
(556, 30, '2023-07-10', '3000000', 3, 1, 'sd.jpeg', '2023-07-11', 0),
(557, 14, '2023-07-11', '23000', 3, 1, 'sd.jpeg', '2023-07-12', 0),
(558, 4, '2023-07-12', '750000', 3, 1, 'sd.jpeg', '2023-07-13', 0),
(559, 12, '2023-07-13', '750000', 3, 1, 'sd.jpeg', '2023-07-14', 0),
(560, 27, '2023-07-14', '12000', 3, 1, 'sd.jpeg', '2023-07-15', 0),
(561, 29, '2023-07-15', '100000', 3, 1, 'sd.jpeg', '2023-07-16', 0),
(562, 29, '2023-07-16', '6000', 3, 1, 'sd.jpeg', '2023-07-17', 0),
(563, 17, '2023-07-17', '60000', 3, 1, 'sd.jpeg', '2023-07-18', 0),
(564, 24, '2023-07-18', '90000', 3, 1, 'sd.jpeg', '2023-07-19', 0),
(565, 11, '2023-07-19', '70000', 3, 1, 'sd.jpeg', '2023-07-20', 0),
(566, 12, '2023-07-20', '35000', 3, 1, 'sd.jpeg', '2023-07-21', 0),
(567, 18, '2023-07-21', '20000', 3, 1, 'sd.jpeg', '2023-07-22', 0),
(568, 21, '2023-07-22', '45000', 3, 1, 'sd.jpeg', '2023-07-23', 0),
(569, 17, '2023-07-23', '6000', 3, 1, 'sd.jpeg', '2023-07-24', 0),
(570, 24, '2023-07-24', '3000000', 3, 1, 'sd.jpeg', '2023-07-25', 0),
(571, 21, '2023-07-25', '30000', 3, 1, 'sd.jpeg', '2023-07-26', 0),
(572, 5, '2023-07-26', '500000', 3, 1, 'sd.jpeg', '2023-07-27', 0),
(573, 29, '2023-07-27', '45000', 3, 1, 'sd.jpeg', '2023-07-28', 0),
(574, 30, '2023-07-28', '10000', 3, 1, 'sd.jpeg', '2023-07-29', 0),
(575, 18, '2023-07-29', '18000', 3, 1, 'sd.jpeg', '2023-07-30', 0),
(576, 9, '2023-07-30', '3000000', 3, 1, 'sd.jpeg', '2023-07-31', 0),
(577, 17, '2023-07-31', '20000', 3, 1, 'sd.jpeg', '2023-08-01', 0),
(578, 22, '2023-08-01', '60000', 3, 1, 'sd.jpeg', '2023-08-02', 0),
(579, 22, '2023-08-02', '750000', 3, 1, 'sd.jpeg', '2023-08-03', 0),
(580, 6, '2023-08-03', '62000', 3, 1, 'sd.jpeg', '2023-08-04', 0),
(581, 20, '2023-08-04', '2000000', 3, 1, 'sd.jpeg', '2023-08-05', 0),
(582, 19, '2023-08-05', '50000', 3, 1, 'sd.jpeg', '2023-08-06', 0),
(583, 29, '2023-08-06', '124000', 3, 1, 'sd.jpeg', '2023-08-07', 0),
(584, 20, '2023-08-07', '46000', 3, 1, 'sd.jpeg', '2023-08-08', 0),
(585, 12, '2023-08-08', '750000', 3, 1, 'sd.jpeg', '2023-08-09', 0),
(586, 25, '2023-08-09', '20000', 3, 1, 'sd.jpeg', '2023-08-10', 0),
(587, 14, '2023-08-10', '150000', 3, 1, 'sd.jpeg', '2023-08-11', 0),
(588, 5, '2023-08-11', '62000', 3, 1, 'sd.jpeg', '2023-08-12', 0),
(589, 13, '2023-08-12', '70000', 3, 1, 'sd.jpeg', '2023-08-13', 0),
(590, 15, '2023-08-13', '18000', 3, 1, 'sd.jpeg', '2023-08-14', 0),
(591, 28, '2023-08-14', '500000', 3, 1, 'sd.jpeg', '2023-08-15', 0),
(592, 10, '2023-08-15', '45000', 3, 1, 'sd.jpeg', '2023-08-16', 0),
(593, 4, '2023-08-16', '62000', 3, 1, 'sd.jpeg', '2023-08-17', 0),
(594, 27, '2023-08-17', '750000', 3, 1, 'sd.jpeg', '2023-08-18', 0),
(595, 4, '2023-08-18', '69000', 3, 1, 'sd.jpeg', '2023-08-19', 0),
(596, 14, '2023-08-19', '20000', 3, 1, 'sd.jpeg', '2023-08-20', 0),
(597, 8, '2023-08-20', '46000', 3, 1, 'sd.jpeg', '2023-08-21', 0),
(598, 22, '2023-08-21', '30000', 3, 1, 'sd.jpeg', '2023-08-22', 0),
(599, 2, '2023-08-22', '90000', 3, 1, 'sd.jpeg', '2023-08-23', 0),
(600, 7, '2023-08-23', '100000', 3, 1, 'sd.jpeg', '2023-08-24', 0),
(601, 21, '2023-08-24', '30000', 3, 1, 'sd.jpeg', '2023-08-25', 0),
(602, 2, '2023-08-25', '12000', 3, 1, 'sd.jpeg', '2023-08-26', 0),
(603, 16, '2023-08-26', '30000', 3, 1, 'sd.jpeg', '2023-08-27', 0),
(604, 24, '2023-08-27', '2000000', 3, 1, 'sd.jpeg', '2023-08-28', 0),
(605, 4, '2023-08-28', '30000', 3, 1, 'sd.jpeg', '2023-08-29', 0),
(606, 19, '2023-08-29', '20000', 3, 1, 'sd.jpeg', '2023-08-30', 0),
(607, 23, '2023-08-30', '30000', 3, 1, 'sd.jpeg', '2023-08-31', 0),
(608, 5, '2023-08-31', '50000', 3, 1, 'sd.jpeg', '2023-09-01', 0),
(609, 3, '2023-09-01', '150000', 3, 1, 'sd.jpeg', '2023-09-02', 0),
(610, 20, '2023-09-02', '10000', 3, 1, 'sd.jpeg', '2023-09-03', 0),
(611, 9, '2023-09-03', '2000000', 3, 1, 'sd.jpeg', '2023-09-04', 0),
(612, 19, '2023-09-04', '500000', 3, 1, 'sd.jpeg', '2023-09-05', 0),
(613, 16, '2023-09-05', '12000', 3, 1, 'sd.jpeg', '2023-09-06', 0),
(614, 18, '2023-09-06', '750000', 3, 1, 'sd.jpeg', '2023-09-07', 0),
(615, 11, '2023-09-07', '30000', 3, 1, 'sd.jpeg', '2023-09-08', 0),
(616, 4, '2023-09-08', '50000', 3, 1, 'sd.jpeg', '2023-09-09', 0),
(617, 2, '2023-09-09', '30000', 3, 1, 'sd.jpeg', '2023-09-10', 0),
(618, 5, '2023-09-10', '500000', 3, 1, 'sd.jpeg', '2023-09-11', 0),
(619, 5, '2023-09-11', '20000', 3, 1, 'sd.jpeg', '2023-09-12', 0),
(620, 20, '2023-09-12', '6000', 3, 1, 'sd.jpeg', '2023-09-13', 0),
(621, 20, '2023-09-13', '23000', 3, 1, 'sd.jpeg', '2023-09-14', 0),
(622, 25, '2023-09-14', '12000', 3, 1, 'sd.jpeg', '2023-09-15', 0),
(623, 21, '2023-09-15', '150000', 3, 1, 'sd.jpeg', '2023-09-16', 0),
(624, 3, '2023-09-16', '1000000', 3, 1, 'sd.jpeg', '2023-09-17', 0),
(625, 19, '2023-09-17', '90000', 3, 1, 'sd.jpeg', '2023-09-18', 0),
(626, 3, '2023-09-18', '3000000', 3, 1, 'sd.jpeg', '2023-09-19', 0),
(627, 13, '2023-09-19', '69000', 3, 1, 'sd.jpeg', '2023-09-20', 0),
(628, 3, '2023-09-20', '2000000', 3, 1, 'sd.jpeg', '2023-09-21', 0),
(629, 3, '2023-09-21', '2000000', 3, 1, 'sd.jpeg', '2023-09-22', 0),
(630, 20, '2023-09-22', '60000', 3, 1, 'sd.jpeg', '2023-09-23', 0),
(631, 18, '2023-09-23', '750000', 3, 1, 'sd.jpeg', '2023-09-24', 0),
(632, 21, '2023-09-24', '69000', 3, 1, 'sd.jpeg', '2023-09-25', 0),
(633, 21, '2023-09-25', '105000', 3, 1, 'sd.jpeg', '2023-09-26', 0),
(634, 17, '2023-09-26', '150000', 3, 1, 'sd.jpeg', '2023-09-27', 0),
(635, 5, '2023-09-27', '250000', 3, 1, 'sd.jpeg', '2023-09-28', 0),
(636, 5, '2023-09-28', '62000', 3, 1, 'sd.jpeg', '2023-09-29', 0),
(637, 19, '2023-09-29', '50000', 3, 1, 'sd.jpeg', '2023-09-30', 0),
(638, 1, '2023-09-30', '500000', 3, 1, 'sd.jpeg', '2023-10-01', 0);

-- --------------------------------------------------------

--
-- Struktur dari tabel `tbl_tiket`
--

CREATE TABLE `tbl_tiket` (
  `id_tiket` int(11) NOT NULL,
  `id_kategori` int(11) NOT NULL,
  `nama_tiket` varchar(20) NOT NULL,
  `deskripsi` text NOT NULL,
  `harga` varchar(20) NOT NULL,
  `gambar` text NOT NULL
) ENGINE=InnoDB DEFAULT CHARSET=latin1;

--
-- Dumping data untuk tabel `tbl_tiket`
--

INSERT INTO `tbl_tiket` (`id_tiket`, `id_kategori`, `nama_tiket`, `deskripsi`, `harga`, `gambar`) VALUES
(1, 1, 'Our Life', 'Tiket couple yang berlaku untuk 2 orang', '10000', 'tiket.png'),
(2, 1, 'Tour de Kebun Raya', 'Kapasitas maksimum Tour de Kebun Raya 7 orang/trip. Dapatkan pengalaman baru yang menarik berkeliling Kebun Raya dipandu oleh Tour Guide andalan dengan mengikuti Tour de Kebun Raya.', '62000', 'tiket.png'),
(3, 1, 'Kelas Edukasi', 'Belajar tentang dasar berkebun, cara merawat tanaman hias hingga perbanyakan tanaman bersama praktisi berpengalaman melalui Kelas Edukasi. Kapasitas Kelas edukasi 8 orang', '100000', 'tiket.png'),
(4, 1, 'Paket Weekend', 'paket liburan kapastas maksimum 10 orang', '15000', 'tiket.png'),
(5, 1, 'One People Bast', 'Tiket One people best ever untuk healing, tiket untuk 1 orang', '6000', 'tiket.png'),
(6, 2, 'Study Tour', 'Kebun Raya merupakan salah satu pusat edukasi tumbuhan dan tanaman. Anak-anak dapat mempelajari tentang tumbuhan dan tanaman melalui Paket Study Tour TK-SMA yang tersedia di Kebun Raya. Kapasitas maksimum study tour Kebun Raya Kuningan 30 orang ', '250000', 'tiket.png'),
(7, 3, 'Prewedding Photo', 'Tiket Prewedding Photo untuk photo pranikah, untuk 3 orang ', '30000', 'tiket.png'),
(8, 2, 'Family Vacation', 'Tiket Family Vacation untuk Keluarga, untuk 6 orang', '35000', 'tiket.png'),
(9, 2, 'Double Date', 'Tiket Double Date untuk kencan ganda, untuk 4 orang', '23000', 'tiket.png'),
(10, 2, 'Piknik di Kebun Raya', 'Nikmati suasana piknik bersama orang terkasih dengan melihat keindahan Situ Lurah Kebun Raya Kuningan, tiket ini berlaku untuk 5 Orang ', '50000', 'tiket.png');

-- --------------------------------------------------------

--
-- Struktur dari tabel `tbl_ulasan`
--

CREATE TABLE `tbl_ulasan` (
  `id_ulasan` int(11) NOT NULL,
  `id_po_tiket` int(11) NOT NULL,
  `ulasan` text NOT NULL,
  `time` timestamp NOT NULL DEFAULT current_timestamp()
) ENGINE=InnoDB DEFAULT CHARSET=latin1;

-- --------------------------------------------------------

--
-- Struktur dari tabel `tbl_user`
--

CREATE TABLE `tbl_user` (
  `id_user` int(11) NOT NULL,
  `nama_user` varchar(125) NOT NULL,
  `alamat_user` text NOT NULL,
  `no_hp_user` varchar(15) NOT NULL,
  `username_user` varchar(125) NOT NULL,
  `password_user` varchar(125) NOT NULL,
  `level_user` int(11) NOT NULL
) ENGINE=InnoDB DEFAULT CHARSET=latin1;

--
-- Dumping data untuk tabel `tbl_user`
--

INSERT INTO `tbl_user` (`id_user`, `nama_user`, `alamat_user`, `no_hp_user`, `username_user`, `password_user`, `level_user`) VALUES
(1, 'Staff', 'Kuningan', '089987656543', 'staff', 'staff', 1),
(2, 'Pengelola', 'Kuningan', '085123221232', 'pengelola', 'pengelola', 2);

-- --------------------------------------------------------

--
-- Struktur dari tabel `tbl_wisatawan`
--

CREATE TABLE `tbl_wisatawan` (
  `id_wisatawan` int(11) NOT NULL,
  `nama_wisatawan` varchar(125) NOT NULL,
  `no_hp_wisatawan` varchar(125) NOT NULL,
  `email` varchar(125) NOT NULL,
  `alamat` text NOT NULL,
  `tempat_lahir` varchar(20) NOT NULL,
  `tgl_lahir` varchar(20) NOT NULL,
  `jk` varchar(20) NOT NULL,
  `member` int(11) NOT NULL,
  `username` varchar(50) NOT NULL,
  `password` varchar(50) NOT NULL
) ENGINE=InnoDB DEFAULT CHARSET=latin1;

--
-- Dumping data untuk tabel `tbl_wisatawan`
--

INSERT INTO `tbl_wisatawan` (`id_wisatawan`, `nama_wisatawan`, `no_hp_wisatawan`, `email`, `alamat`, `tempat_lahir`, `tgl_lahir`, `jk`, `member`, `username`, `password`) VALUES
(1, 'Syarifah', '89987654323', 'Syarifah@gmail.com', 'Jln. Ahmad Yani RT.07 RW.08 Desa Kalapagunung', 'Kuningan', '1999-04-23', 'Perempuan', 1, 'syarifah', 'syarifah'),
(2, 'Wiwit Walinda', '85559764053', 'Wiwit_Walinda@gmail.com', 'Dusun Tanjung Asih RT. 04 RW. 06', ' Ciamis', '2001-02-03', 'Perempuan', 0, 'wiwit', 'wiwit'),
(3, 'Fika fauziah ', '82116620500', 'Fika_fauziah_@gmail.com', 'Dusun sukamulya RT. 06  RW. 03 Desa Raja desa', 'Ciamis', '2000-10-06', 'Perempuan', 0, 'fika', 'fika'),
(4, 'Rahayu', '85738915066', 'Rahayu@gmail.com', 'RT. 04 RW. 06 Desa Kalikoa Cirebon', 'Cirebon', '1999-12-30', 'Perempuan', 0, 'rahayu', 'rahayu'),
(5, 'Wulandari', '89945360982', 'Wulandari@gmail.com', 'RT. 06 RW. 05 Desa Singkup', 'Kuningan', '1998-07-01', 'Perempuan', 0, 'wulandari', 'wulandari'),
(6, 'Setiawan', '82143215678', 'Setiawan@gmail.com', 'RT. 08 RW. 01 Desa Cidahu', 'Kuningan', '1997-11-08', 'laki-laki', 0, 'setiawan', 'setiawan'),
(7, 'Ahmad Santoso', '82145679132', 'Ahmad_Santoso@gmail.com', 'RT. 11 RW. 01 Desa Tarikolot Cibeureum Kuningan', 'Kuningan', '1999-09-07', 'laki-laki', 0, 'ahmad', 'ahmad'),
(8, 'Fitriani', '89965437891', 'Fitriani@gmail.com', 'RT 01 RW. 04 Desa Sukadana', 'Kuningan', '1999-03-08', 'Perempuan', 0, 'fitriani', 'fitriani'),
(9, 'Riska Safitri', '82176892456', 'Riska_Safitri@gmail.com', 'RT. 02 RW. 07 Desa Pancalang', 'Cirebon', '2002-05-02', 'Perempuan', 0, 'riska', 'riska'),
(10, 'Indra Maulana', '89987614562', 'Indra_Maulana@gmail.com', 'RT. 01 RW. 03 Desa Cikahalang Cirebon', 'Cirebon', '2000-05-23', 'laki-laki', 0, 'indra', 'indra'),
(11, 'Rizki Rahardiyan', '82145980127', 'Rizki_Rahardiyan@gmail.com', 'RT. 02 RW. 05 Desa Cilayung Kec. Ciwaru Kuningan', 'Kuningan ', '1999-07-03', 'laki-laki', 0, 'rizki', 'rizki'),
(12, 'Siti Sarah', '89925679810', 'Siti_Sarah@gmail.com', 'RT. 21 RW. 05 Desa Muara Cirebon', 'Cirebon', '2001-04-01', 'Perempuan', 0, 'siti', 'siti'),
(13, 'Desi Puspawati', '89998712350', 'Desi_Puspawati@gmail.com', 'RT. 15 RW. 06 Desa Suranenggala Cirebon', 'Cirebon', '1999-06-24', 'Perempuan', 0, 'desi', 'desi'),
(14, 'Ridwan', '82198011278', 'Ridwan@gmail.com', 'RT. 06 RW. 03 Desa Karang Reja Cirebon', 'Cirebon', '1980-08-12', 'laki-laki', 0, 'ridwan', 'ridwan'),
(15, 'Andi Maulana ', '82176890912', 'Andi_Maulana_@gmail.com', 'Simpay Jaya RT. 09 RW. 02 Kuningan', 'Kuningan', '2001-12-19', 'laki-laki', 0, 'andi', 'andi'),
(16, 'Lina srimulyani', '85224349019', 'Lina_srimulyani@gmail.com', 'Jl. Ahmad Sodik No. 17  RT. 014 RW. 009 Desa Beber Cirebon', 'Cirebon', '2000-09-22', 'Perempuan', 0, 'lina', 'lina'),
(17, 'Agus', '82176091270', 'Agus@gmail.com', 'RT. 02 RW.04 Desa Cigasong Majalengka', 'Majalengka', '1999-03-09', 'laki-laki', 0, 'agus', 'agus'),
(18, ' Heri', '89909812379', '_Heri@gmail.com', 'RT. 01 RW.01 Dusun BatuJaya Majalengka', 'Majalengka', '1999-10-11', 'laki-laki', 0, 'heri', 'heri'),
(19, 'Toni ', '82265718901', 'Toni_@gmail.com', 'RT. 17 RW. 02 Desa Mandirancan ', 'Kuningan', '1998-05-27', 'laki-laki', 0, 'toni', 'toni'),
(20, 'Abdul Aziz', '89923760981', 'Abdul_Aziz@gmail.com', 'RT. 07 RW. 02 desa Cibentar Majalengka', 'Majalengka', '2000-06-20', 'laki-laki', 0, 'abdul', 'abdul'),
(21, 'Aisyah', '89954217801', 'Aisyah@gmail.com', 'Desa Trajaya Majalengka RT. 04. RW. 04', 'Majalengka', '2002-09-01', 'Perempuan', 0, 'aisyah', 'aisyah'),
(22, 'Laeli Ramadina', '81313537715', 'Laeli_Ramadina@gmail.com', 'Ling. Ciharendong, RT. 08 RW. 03', 'Kuningan', '2001-04-18', 'Perempuan', 0, 'laeli', 'laeli'),
(23, 'Selianti', '89927365416', 'Selianti@gmail.com', 'RT. 07 RW. 002 Desa Sayana', 'Kuningan', '2000-01-11', 'Perempuan', 0, 'selianti', 'selianti'),
(24, 'Aris Nugroho', '82176483916', 'Aris_Nugroho@gmail.com', 'RT. 13 RW. 05 Desa Sumbawa', 'Kuningan', '07/03/19999', 'laki-laki', 0, 'aris', 'aris'),
(25, 'M. Ali', '89976482682', 'M._Ali@gmail.com', 'RT. 10 RW. 05 Desa Raja Danu', 'Kuningan', '2003-12-29', 'laki-laki', 0, 'ali', 'ali'),
(26, 'Setiawati', '89926391074', 'Setiawati@gmail.com', 'RT. 09 RW 02 Desa Cikaso', 'Kuningan', '2000-05-16', 'Perempuan', 0, 'setiawati', 'setiawati'),
(27, 'Ayu Erlina', '82163574820', 'Ayu_Erlina@gmail.com', '', 'Kuningan', '2003-09-04', 'Perempuan', 0, 'ayu', 'ayu'),
(28, 'Yusuf Iskandar', '89984372915', 'Yusuf_Iskandar@gmail.com', 'RT. 03 RW. 01 Desa Wanasaya Cirebon', 'Cirebon', '2000-07-17', 'laki-laki', 0, 'yusuf', 'yusuf'),
(29, 'Reza Yulianike', '81779501281', 'Reza_Yulianike@gmail.com', 'RT. 02 RW. 02 Desa Beber Cirebon', 'Cirebon', '2002-03-21', 'Perempuan', 0, 'reza', 'reza'),
(30, 'Anisa Andriyani', '8987978710', 'Anisa_Andriyani@gmail.com', 'Desa Cipari RT. 011 RW. 005', 'Kuningan.', '2001-04-08', 'Perempuan', 0, 'anisa', 'anisa');

--
-- Indexes for dumped tables
--

--
-- Indeks untuk tabel `tbl_chatting`
--
ALTER TABLE `tbl_chatting`
  ADD PRIMARY KEY (`id_chatting`);

--
-- Indeks untuk tabel `tbl_detail_po_tiket`
--
ALTER TABLE `tbl_detail_po_tiket`
  ADD PRIMARY KEY (`id_detail`);

--
-- Indeks untuk tabel `tbl_diskon`
--
ALTER TABLE `tbl_diskon`
  ADD PRIMARY KEY (`id_diskon`);

--
-- Indeks untuk tabel `tbl_kategori`
--
ALTER TABLE `tbl_kategori`
  ADD PRIMARY KEY (`id_kategori`);

--
-- Indeks untuk tabel `tbl_po_tiket`
--
ALTER TABLE `tbl_po_tiket`
  ADD PRIMARY KEY (`id_po_tiket`);

--
-- Indeks untuk tabel `tbl_tiket`
--
ALTER TABLE `tbl_tiket`
  ADD PRIMARY KEY (`id_tiket`);

--
-- Indeks untuk tabel `tbl_ulasan`
--
ALTER TABLE `tbl_ulasan`
  ADD PRIMARY KEY (`id_ulasan`);

--
-- Indeks untuk tabel `tbl_user`
--
ALTER TABLE `tbl_user`
  ADD PRIMARY KEY (`id_user`);

--
-- Indeks untuk tabel `tbl_wisatawan`
--
ALTER TABLE `tbl_wisatawan`
  ADD PRIMARY KEY (`id_wisatawan`);

--
-- AUTO_INCREMENT untuk tabel yang dibuang
--

--
-- AUTO_INCREMENT untuk tabel `tbl_chatting`
--
ALTER TABLE `tbl_chatting`
  MODIFY `id_chatting` int(11) NOT NULL AUTO_INCREMENT, AUTO_INCREMENT=5;

--
-- AUTO_INCREMENT untuk tabel `tbl_detail_po_tiket`
--
ALTER TABLE `tbl_detail_po_tiket`
  MODIFY `id_detail` int(11) NOT NULL AUTO_INCREMENT, AUTO_INCREMENT=639;

--
-- AUTO_INCREMENT untuk tabel `tbl_diskon`
--
ALTER TABLE `tbl_diskon`
  MODIFY `id_diskon` int(11) NOT NULL AUTO_INCREMENT, AUTO_INCREMENT=21;

--
-- AUTO_INCREMENT untuk tabel `tbl_kategori`
--
ALTER TABLE `tbl_kategori`
  MODIFY `id_kategori` int(11) NOT NULL AUTO_INCREMENT, AUTO_INCREMENT=4;

--
-- AUTO_INCREMENT untuk tabel `tbl_po_tiket`
--
ALTER TABLE `tbl_po_tiket`
  MODIFY `id_po_tiket` int(11) NOT NULL AUTO_INCREMENT, AUTO_INCREMENT=639;

--
-- AUTO_INCREMENT untuk tabel `tbl_tiket`
--
ALTER TABLE `tbl_tiket`
  MODIFY `id_tiket` int(11) NOT NULL AUTO_INCREMENT, AUTO_INCREMENT=11;

--
-- AUTO_INCREMENT untuk tabel `tbl_ulasan`
--
ALTER TABLE `tbl_ulasan`
  MODIFY `id_ulasan` int(11) NOT NULL AUTO_INCREMENT;

--
-- AUTO_INCREMENT untuk tabel `tbl_user`
--
ALTER TABLE `tbl_user`
  MODIFY `id_user` int(11) NOT NULL AUTO_INCREMENT, AUTO_INCREMENT=3;

--
-- AUTO_INCREMENT untuk tabel `tbl_wisatawan`
--
ALTER TABLE `tbl_wisatawan`
  MODIFY `id_wisatawan` int(11) NOT NULL AUTO_INCREMENT, AUTO_INCREMENT=31;
COMMIT;

/*!40101 SET CHARACTER_SET_CLIENT=@OLD_CHARACTER_SET_CLIENT */;
/*!40101 SET CHARACTER_SET_RESULTS=@OLD_CHARACTER_SET_RESULTS */;
/*!40101 SET COLLATION_CONNECTION=@OLD_COLLATION_CONNECTION */;
